Time,Usage for PM_n1
2021-04-14T00:00:00.000Z,5
2021-04-15T00:00:00.000Z,5
2021-04-16T00:00:00.000Z,8
2021-04-17T00:00:00.000Z,7
2021-04-18T00:00:00.000Z,6
2021-04-19T00:00:00.000Z,5
2021-04-20T00:00:00.000Z,5
2021-04-21T00:00:00.000Z,63
2021-04-22T00:00:00.000Z,4
2021-04-23T00:00:00.000Z,43
2021-04-24T00:00:00.000Z,6
2021-04-25T00:00:00.000Z,5
2021-04-26T00:00:00.000Z,33
2021-04-27T00:00:00.000Z,7
2021-04-28T00:00:00.000Z,5
2021-04-29T00:00:00.000Z,7
2021-04-30T00:00:00.000Z,5
2021-05-01T00:00:00.000Z,6
2021-05-02T00:00:00.000Z,4
2021-05-03T00:00:00.000Z,5
2021-05-04T00:00:00.000Z,5
2021-05-05T00:00:00.000Z,5
2021-05-06T00:00:00.000Z,5
2021-05-07T00:00:00.000Z,19
2021-05-08T00:00:00.000Z,46
2021-05-09T00:00:00.000Z,5
2021-05-10T00:00:00.000Z,5
2021-05-11T00:00:00.000Z,5
2021-05-12T00:00:00.000Z,31
2021-05-13T00:00:00.000Z,5
2021-05-14T00:00:00.000Z,5
2021-05-15T00:00:00.000Z,7
2021-05-16T00:00:00.000Z,5
2021-05-17T00:00:00.000Z,5
2021-05-18T00:00:00.000Z,27
2021-05-19T00:00:00.000Z,5
2021-05-20T00:00:00.000Z,5
2021-05-21T00:00:00.000Z,6
2021-05-22T00:00:00.000Z,5
2021-05-23T00:00:00.000Z,32
2021-05-24T00:00:00.000Z,5
2021-05-25T00:00:00.000Z,52
2021-05-26T00:00:00.000Z,5
2021-05-27T00:00:00.000Z,7
2021-05-28T00:00:00.000Z,5
2021-05-29T00:00:00.000Z,5
2021-05-30T00:00:00.000Z,71
2021-05-31T00:00:00.000Z,45
2021-06-01T00:00:00.000Z,47
2021-06-02T00:00:00.000Z,12
2021-06-03T00:00:00.000Z,6
2021-06-04T00:00:00.000Z,5
2021-06-05T00:00:00.000Z,12
2021-06-06T00:00:00.000Z,76
2021-06-07T00:00:00.000Z,27
2021-06-08T00:00:00.000Z,63
2021-06-09T00:00:00.000Z,5
2021-06-10T00:00:00.000Z,61
2021-06-11T00:00:00.000Z,6
2021-06-12T00:00:00.000Z,57
2021-06-13T00:00:00.000Z,94
2021-06-14T00:00:00.000Z,56
2021-06-15T00:00:00.000Z,70
2021-06-16T00:00:00.000Z,22
2021-06-17T00:00:00.000Z,69
2021-06-18T00:00:00.000Z,18
2021-06-19T00:00:00.000Z,55
2021-06-20T00:00:00.000Z,6
2021-06-21T00:00:00.000Z,50
2021-06-22T00:00:00.000Z,5
2021-06-23T00:00:00.000Z,64
2021-06-24T00:00:00.000Z,8
2021-06-25T00:00:00.000Z,5
2021-06-26T00:00:00.000Z,12
2021-06-27T00:00:00.000Z,5
2021-06-28T00:00:00.000Z,14
2021-06-29T00:00:00.000Z,5
2021-06-30T00:00:00.000Z,6
2021-07-01T00:00:00.000Z,6
2021-07-02T00:00:00.000Z,9
2021-07-03T00:00:00.000Z,5
2021-07-04T00:00:00.000Z,71
2021-07-05T00:00:00.000Z,7
2021-07-06T00:00:00.000Z,5
2021-07-07T00:00:00.000Z,39
2021-07-08T00:00:00.000Z,5
2021-07-09T00:00:00.000Z,35
2021-07-10T00:00:00.000Z,12
2021-07-11T00:00:00.000Z,65
2021-07-12T00:00:00.000Z,6
2021-07-13T00:00:00.000Z,6
2021-07-14T00:00:00.000Z,19
2021-07-15T00:00:00.000Z,5
2021-07-16T00:00:00.000Z,6
2021-07-17T00:00:00.000Z,5
2021-07-18T00:00:00.000Z,107
2021-07-19T00:00:00.000Z,5
2021-07-20T00:00:00.000Z,4
2021-07-21T00:00:00.000Z,53
2021-07-22T00:00:00.000Z,60
2021-07-23T00:00:00.000Z,24
2021-07-24T00:00:00.000Z,51
2021-07-25T00:00:00.000Z,5
2021-07-26T00:00:00.000Z,4
2021-07-27T00:00:00.000Z,5
2021-07-28T00:00:00.000Z,6
2021-07-29T00:00:00.000Z,4
2021-07-30T00:00:00.000Z,62
2021-07-31T00:00:00.000Z,72
2021-08-01T00:00:00.000Z,76
2021-08-02T00:00:00.000Z,22
2021-08-03T00:00:00.000Z,253
2021-08-04T00:00:00.000Z,324
2021-08-05T00:00:00.000Z,907
2021-08-06T00:00:00.000Z,1666
2021-08-07T00:00:00.000Z,1327
2021-08-08T00:00:00.000Z,11488
2021-08-09T00:00:00.000Z,20719
2021-08-10T00:00:00.000Z,22060
2021-08-11T00:00:00.000Z,21564
2021-08-12T00:00:00.000Z,20758
2021-08-13T00:00:00.000Z,19959
2021-08-14T00:00:00.000Z,17803
2021-08-15T00:00:00.000Z,13240
2021-08-16T00:00:00.000Z,20616
2021-08-17T00:00:00.000Z,20720
2021-08-18T00:00:00.000Z,23149
2021-08-19T00:00:00.000Z,22693
2021-08-20T00:00:00.000Z,22090
2021-08-21T00:00:00.000Z,16167
2021-08-22T00:00:00.000Z,14009
2021-08-23T00:00:00.000Z,22648
2021-08-24T00:00:00.000Z,24202
2021-08-25T00:00:00.000Z,26931
2021-08-26T00:00:00.000Z,23938
2021-08-27T00:00:00.000Z,25705
2021-08-28T00:00:00.000Z,14946
2021-08-29T00:00:00.000Z,12674
2021-08-30T00:00:00.000Z,22390
2021-08-31T00:00:00.000Z,25074
2021-09-01T00:00:00.000Z,23095
2021-09-02T00:00:00.000Z,22167
2021-09-03T00:00:00.000Z,23238
2021-09-04T00:00:00.000Z,13975
2021-09-05T00:00:00.000Z,12831
2021-09-06T00:00:00.000Z,21738
2021-09-07T00:00:00.000Z,36596
2021-09-08T00:00:00.000Z,22081
2021-09-09T00:00:00.000Z,21587
2021-09-10T00:00:00.000Z,22627
2021-09-11T00:00:00.000Z,14015
2021-09-12T00:00:00.000Z,12458
2021-09-13T00:00:00.000Z,20848
2021-09-14T00:00:00.000Z,25411
2021-09-15T00:00:00.000Z,24097
2021-09-16T00:00:00.000Z,22785
2021-09-17T00:00:00.000Z,23505
2021-09-18T00:00:00.000Z,14393
2021-09-19T00:00:00.000Z,13163
2021-09-20T00:00:00.000Z,22152
2021-09-21T00:00:00.000Z,23189
2021-09-22T00:00:00.000Z,23096
2021-09-23T00:00:00.000Z,20198
2021-09-24T00:00:00.000Z,21443
2021-09-25T00:00:00.000Z,13185
2021-09-26T00:00:00.000Z,11450
2021-09-27T00:00:00.000Z,21169
2021-09-28T00:00:00.000Z,24516
2021-09-29T00:00:00.000Z,23280
2021-09-30T00:00:00.000Z,23936
2021-10-01T00:00:00.000Z,21142
2021-10-02T00:00:00.000Z,13020
2021-10-03T00:00:00.000Z,11264
2021-10-04T00:00:00.000Z,18875
2021-10-05T00:00:00.000Z,19544
2021-10-06T00:00:00.000Z,21870
2021-10-07T00:00:00.000Z,39236
2021-10-08T00:00:00.000Z,17778
2021-10-09T00:00:00.000Z,13048
2021-10-10T00:00:00.000Z,8310
2021-10-11T00:00:00.000Z,18165
2021-10-12T00:00:00.000Z,20043
2021-10-13T00:00:00.000Z,19861
2021-10-14T00:00:00.000Z,21190
2021-10-15T00:00:00.000Z,20011
2021-10-16T00:00:00.000Z,12544
2021-10-17T00:00:00.000Z,12036
2021-10-18T00:00:00.000Z,21882
2021-10-19T00:00:00.000Z,22802
2021-10-20T00:00:00.000Z,23470
2021-10-21T00:00:00.000Z,24795
2021-10-22T00:00:00.000Z,22466
2021-10-23T00:00:00.000Z,13868
2021-10-24T00:00:00.000Z,8180
2021-10-25T00:00:00.000Z,22231
2021-10-26T00:00:00.000Z,23340
2021-10-27T00:00:00.000Z,24364
2021-10-28T00:00:00.000Z,24972
2021-10-29T00:00:00.000Z,24117
2021-10-30T00:00:00.000Z,14565
2021-10-31T00:00:00.000Z,11852
2021-11-01T00:00:00.000Z,12296
2021-11-02T00:00:00.000Z,21497
2021-11-03T00:00:00.000Z,24515
2021-11-04T00:00:00.000Z,24492
2021-11-05T00:00:00.000Z,25768
2021-11-06T00:00:00.000Z,15874
2021-11-07T00:00:00.000Z,13040
2021-11-08T00:00:00.000Z,33403
2021-11-09T00:00:00.000Z,23626
2021-11-10T00:00:00.000Z,22925
2021-11-11T00:00:00.000Z,15584
2021-11-12T00:00:00.000Z,14498
2021-11-13T00:00:00.000Z,13117
2021-11-14T00:00:00.000Z,12783
2021-11-15T00:00:00.000Z,21520
2021-11-16T00:00:00.000Z,
2021-11-17T00:00:00.000Z,22743
2021-11-18T00:00:00.000Z,21373
2021-11-19T00:00:00.000Z,21698
2021-11-20T00:00:00.000Z,17036
2021-11-21T00:00:00.000Z,13152
2021-11-22T00:00:00.000Z,19505
2021-11-23T00:00:00.000Z,23336
2021-11-24T00:00:00.000Z,23187
2021-11-25T00:00:00.000Z,22176
2021-11-26T00:00:00.000Z,24164
2021-11-27T00:00:00.000Z,18597
2021-11-28T00:00:00.000Z,13812
2021-11-29T00:00:00.000Z,20287
2021-11-30T00:00:00.000Z,24913
2021-12-01T00:00:00.000Z,22009
2021-12-02T00:00:00.000Z,22158
2021-12-03T00:00:00.000Z,24736
2021-12-04T00:00:00.000Z,18123
2021-12-05T00:00:00.000Z,12462
2021-12-06T00:00:00.000Z,17274
2021-12-07T00:00:00.000Z,21811
2021-12-08T00:00:00.000Z,22738
2021-12-09T00:00:00.000Z,20759
2021-12-10T00:00:00.000Z,21583
2021-12-11T00:00:00.000Z,17729
2021-12-12T00:00:00.000Z,12982
2021-12-13T00:00:00.000Z,20023
2021-12-14T00:00:00.000Z,23230
2021-12-15T00:00:00.000Z,23565
2021-12-16T00:00:00.000Z,23990
2021-12-17T00:00:00.000Z,22221
2021-12-18T00:00:00.000Z,15772
2021-12-19T00:00:00.000Z,11443
2021-12-20T00:00:00.000Z,17073
2021-12-21T00:00:00.000Z,23819
2021-12-22T00:00:00.000Z,22556
2021-12-23T00:00:00.000Z,19368
2021-12-24T00:00:00.000Z,15959
2021-12-25T00:00:00.000Z,15504
2021-12-26T00:00:00.000Z,15758
2021-12-27T00:00:00.000Z,17731
2021-12-28T00:00:00.000Z,22597
2021-12-29T00:00:00.000Z,21905
2021-12-30T00:00:00.000Z,20888
2021-12-31T00:00:00.000Z,17350
2022-01-01T00:00:00.000Z,18525
2022-01-02T00:00:00.000Z,17244
2022-01-03T00:00:00.000Z,22292
2022-01-04T00:00:00.000Z,25045
2022-01-05T00:00:00.000Z,25115
2022-01-06T00:00:00.000Z,22435
2022-01-07T00:00:00.000Z,20721
2022-01-08T00:00:00.000Z,19503
2022-01-09T00:00:00.000Z,18299
2022-01-10T00:00:00.000Z,23262
2022-01-11T00:00:00.000Z,25539
2022-01-12T00:00:00.000Z,27300
2022-01-13T00:00:00.000Z,25340
2022-01-14T00:00:00.000Z,27354
2022-01-15T00:00:00.000Z,21908
2022-01-16T00:00:00.000Z,17644
2022-01-17T00:00:00.000Z,23411
2022-01-18T00:00:00.000Z,26605
2022-01-19T00:00:00.000Z,26932
2022-01-20T00:00:00.000Z,27616
2022-01-21T00:00:00.000Z,27180
2022-01-22T00:00:00.000Z,21113
2022-01-23T00:00:00.000Z,16765
2022-01-24T00:00:00.000Z,24635
2022-01-25T00:00:00.000Z,26491
2022-01-26T00:00:00.000Z,25902
2022-01-27T00:00:00.000Z,24343
2022-01-28T00:00:00.000Z,25948
2022-01-29T00:00:00.000Z,21775
2022-01-30T00:00:00.000Z,17379
2022-01-31T00:00:00.000Z,23586
2022-02-01T00:00:00.000Z,26083
2022-02-02T00:00:00.000Z,30182
2022-02-03T00:00:00.000Z,30162
2022-02-04T00:00:00.000Z,28835
2022-02-05T00:00:00.000Z,23971
2022-02-06T00:00:00.000Z,16803
2022-02-07T00:00:00.000Z,23815
2022-02-08T00:00:00.000Z,28054
2022-02-09T00:00:00.000Z,28663
2022-02-10T00:00:00.000Z,26706
2022-02-11T00:00:00.000Z,29933
2022-02-12T00:00:00.000Z,23360
2022-02-13T00:00:00.000Z,18648
2022-02-14T00:00:00.000Z,25192
2022-02-15T00:00:00.000Z,30649
2022-02-16T00:00:00.000Z,30313
2022-02-17T00:00:00.000Z,28469
2022-02-18T00:00:00.000Z,29075
2022-02-19T00:00:00.000Z,23608
2022-02-20T00:00:00.000Z,19014
2022-02-21T00:00:00.000Z,23816
2022-02-22T00:00:00.000Z,29645
2022-02-23T00:00:00.000Z,30991
2022-02-24T00:00:00.000Z,28584
2022-02-25T00:00:00.000Z,28786
2022-02-26T00:00:00.000Z,23046
2022-02-27T00:00:00.000Z,18861
2022-02-28T00:00:00.000Z,30313
2022-03-01T00:00:00.000Z,29761
2022-03-02T00:00:00.000Z,28483
2022-03-03T00:00:00.000Z,28265
2022-03-04T00:00:00.000Z,27253
2022-03-05T00:00:00.000Z,21233
2022-03-06T00:00:00.000Z,18167
2022-03-07T00:00:00.000Z,25708
2022-03-08T00:00:00.000Z,29403
2022-03-09T00:00:00.000Z,29324
2022-03-10T00:00:00.000Z,30012
2022-03-11T00:00:00.000Z,29109
2022-03-12T00:00:00.000Z,21277
2022-03-13T00:00:00.000Z,17366
2022-03-14T00:00:00.000Z,24517
2022-03-15T00:00:00.000Z,29414
2022-03-16T00:00:00.000Z,29819
2022-03-17T00:00:00.000Z,28285
2022-03-18T00:00:00.000Z,25909
2022-03-19T00:00:00.000Z,19209
2022-03-20T00:00:00.000Z,17594
2022-03-21T00:00:00.000Z,24300
2022-03-22T00:00:00.000Z,29827
2022-03-23T00:00:00.000Z,29998
2022-03-24T00:00:00.000Z,27319
2022-03-25T00:00:00.000Z,26611
2022-03-26T00:00:00.000Z,18323
2022-03-27T00:00:00.000Z,17674
2022-03-28T00:00:00.000Z,28019
2022-03-29T00:00:00.000Z,31376
2022-03-30T00:00:00.000Z,30237
2022-03-31T00:00:00.000Z,31878
2022-04-01T00:00:00.000Z,28014
2022-04-02T00:00:00.000Z,17766
2022-04-03T00:00:00.000Z,16421
2022-04-04T00:00:00.000Z,25408
2022-04-05T00:00:00.000Z,30436
2022-04-06T00:00:00.000Z,29286
2022-04-07T00:00:00.000Z,47348
2022-04-08T00:00:00.000Z,28980
2022-04-09T00:00:00.000Z,22776
2022-04-10T00:00:00.000Z,19597
2022-04-11T00:00:00.000Z,29963
2022-04-12T00:00:00.000Z,29314
2022-04-13T00:00:00.000Z,
