Time,Active for S,Ballooned memory for S,Consumed for S,Granted for S,Shared for S,Compressed for S
2022-03-14T12:00:00.000Z,237844016,0,1936008060,1974187780,76341080,0
2022-03-14T14:00:00.000Z,207525728,0,1942289920,1980412030,76357880,0
2022-03-14T16:00:00.000Z,193391552,0,1946009980,1984174460,76354976,0
2022-03-14T18:00:00.000Z,181506208,0,1949091200,1987166080,76350008,0
2022-03-14T20:00:00.000Z,152235904,0,1949085180,1987255420,76417760,0
2022-03-14T22:00:00.000Z,135170944,0,1950437890,1988528380,76443136,0
2022-03-15T00:00:00.000Z,107298392,0,1951412610,1989607550,76483552,0
2022-03-15T02:00:00.000Z,101811728,0,1951376380,1989594370,76409672,0
2022-03-15T04:00:00.000Z,116058992,0,1951394820,1989593980,76387528,0
2022-03-15T06:00:00.000Z,151226144,0,1951421440,1989599100,76366328,0
2022-03-15T08:00:00.000Z,207892384,0,1951858560,1989656320,75981008,0
2022-03-15T10:00:00.000Z,226679344,0,1952004100,1989813250,75984696,0
2022-03-15T12:00:00.000Z,227765776,0,1952232580,1990039300,75981552,0
2022-03-15T14:00:00.000Z,202905696,0,1952311420,1990049410,75957248,0
2022-03-15T16:00:00.000Z,187760016,0,1952267900,1990049280,75989144,0
2022-03-15T18:00:00.000Z,197030528,0,1952264960,1990049540,75984056,0
2022-03-15T20:00:00.000Z,178432032,0,1953058820,1990851580,75980344,0
2022-03-15T22:00:00.000Z,156662384,0,1953284350,1990977150,75979688,0
2022-03-16T00:00:00.000Z,117552608,0,1953351940,1990977660,75947840,0
2022-03-16T02:00:00.000Z,103386720,0,1953329150,1990977540,75904360,0
2022-03-16T04:00:00.000Z,121697496,0,1953331970,1990977660,75907448,0
2022-03-16T06:00:00.000Z,205597920,0,1953300350,1990977540,75901808,0
2022-03-16T08:00:00.000Z,228441504,0,1953340540,1990978430,75827592,0
2022-03-16T10:00:00.000Z,235367488,0,1953372930,1991025410,75842680,0
2022-03-16T12:00:00.000Z,235688320,0,1968003580,2005571070,75850064,0
2022-03-16T14:00:00.000Z,209688912,0,1981954180,2019551230,75853232,0
2022-03-16T16:00:00.000Z,191433536,0,1982004100,2019550980,75855584,0
2022-03-16T18:00:00.000Z,184093152,0,1981971460,2019551100,75850744,0
2022-03-16T20:00:00.000Z,153256592,0,1981966210,2019550460,75853344,0
2022-03-16T22:00:00.000Z,142263264,0,1982006910,2019551360,75840184,0
2022-03-17T00:00:00.000Z,114010632,0,1981980290,2019550460,75826288,0
2022-03-17T02:00:00.000Z,105694104,0,1981988100,2019552510,75847576,0
2022-03-17T04:00:00.000Z,118659576,0,1981978110,2019551360,75839424,0
2022-03-17T06:00:00.000Z,155245424,0,1981945220,2019550590,75848704,0
2022-03-17T08:00:00.000Z,213568880,0,1982021500,2019551740,75772616,0
2022-03-17T10:00:00.000Z,231832704,0,1982019200,2019571330,75809328,0
2022-03-17T12:00:00.000Z,230484992,0,1982121860,2019554430,75663064,0
2022-03-17T14:00:00.000Z,210370976,0,1982411260,2019571580,75440240,0
2022-03-17T16:00:00.000Z,190837760,0,1982404480,2019552000,75440392,0
2022-03-17T18:00:00.000Z,182126384,0,1982390530,2019548030,75436840,0
2022-03-17T20:00:00.000Z,133903168,0,1982370180,2019547140,75438840,0
2022-03-17T22:00:00.000Z,134285280,0,1982383740,2019547140,75435824,0
2022-03-18T00:00:00.000Z,113910696,0,1982418180,2019549310,75443136,0
2022-03-18T02:00:00.000Z,105757272,0,1982546050,2019557250,75346744,0
2022-03-18T04:00:00.000Z,116281600,0,1982444160,2019561600,75442016,0
2022-03-18T06:00:00.000Z,148660560,0,1982419840,2019560190,75395040,0
2022-03-18T08:00:00.000Z,207438576,0,1982928640,2019602300,74929712,0
2022-03-18T10:00:00.000Z,220392832,0,1982829180,2019560960,74989688,0
2022-03-18T12:00:00.000Z,219871040,0,1982828540,2019561860,74992488,0
2022-03-18T14:00:00.000Z,196757552,0,1982837250,2019563260,75008952,0
2022-03-18T16:00:00.000Z,180399200,0,1982868860,2019858050,75269704,0
2022-03-18T18:00:00.000Z,166974752,0,1982453250,2019563520,75368368,0
2022-03-18T20:00:00.000Z,146257872,0,1982369150,2019564800,75449256,0
2022-03-18T22:00:00.000Z,137459888,0,1982697730,2019605120,75279624,0
2022-03-19T00:00:00.000Z,115844176,0,1982819070,2019566080,75049520,0
2022-03-19T02:00:00.000Z,106904024,0,1982811520,2019588100,75072392,0
2022-03-19T04:00:00.000Z,112050928,0,1982824190,2019567100,75021560,0
2022-03-19T06:00:00.000Z,116844152,0,1982798080,2019565440,75019616,0
2022-03-19T08:00:00.000Z,121251728,0,1982840960,2019565310,74978928,0
2022-03-19T10:00:00.000Z,126815072,0,1982844420,2019565310,74969024,0
2022-03-19T12:00:00.000Z,122529032,0,1982838910,2019565310,74977800,0
2022-03-19T14:00:00.000Z,121144696,0,1982855170,2019565570,74976424,0
2022-03-19T16:00:00.000Z,121323736,0,1982834690,2019565440,74971232,0
2022-03-19T18:00:00.000Z,116539200,0,1982859260,2019565570,74975432,0
2022-03-19T20:00:00.000Z,115767536,0,1982864640,2019565180,74954592,0
2022-03-19T22:00:00.000Z,122801752,0,1982898300,2019570690,74958416,0
2022-03-20T00:00:00.000Z,125106352,0,1983020800,2019574910,74921200,0
2022-03-20T02:00:00.000Z,117499696,0,1982911620,2019573760,74914168,0
2022-03-20T04:00:00.000Z,108287368,0,1982900220,2019573500,74925568,0
2022-03-20T06:00:00.000Z,110782744,0,1982910080,2019573500,74927656,0
2022-03-20T08:00:00.000Z,119163568,0,1982952700,2019573630,74875488,0
2022-03-20T10:00:00.000Z,124087968,0,1982941180,2019573630,74872504,0
2022-03-20T12:00:00.000Z,123463712,0,1982932220,2019573380,74878024,0
2022-03-20T14:00:00.000Z,125752392,0,1982975870,2019577470,74881296,0
2022-03-20T16:00:00.000Z,126823128,0,1982941440,2019577470,74871248,0
2022-03-20T18:00:00.000Z,126761584,0,1982975620,2019578110,74848032,0
2022-03-20T20:00:00.000Z,125515120,0,1982937220,2019578880,74867872,0
2022-03-20T22:00:00.000Z,123124656,0,1982950660,2019578110,74874608,0
2022-03-21T00:00:00.000Z,111809800,0,1982976770,2019578110,74870688,0
2022-03-21T02:00:00.000Z,111287056,0,1982928640,2019580540,74888848,0
2022-03-21T04:00:00.000Z,115425408,0,1982927230,2019579010,74883568,0
2022-03-21T06:00:00.000Z,156341712,0,1983062530,2019670400,74863712,0
2022-03-21T08:00:00.000Z,213967808,0,1983125380,2019654530,74760984,0
2022-03-21T10:00:00.000Z,220766752,0,1983441540,2019874180,74664536,0
2022-03-21T12:00:00.000Z,222427904,0,1983668740,2019985540,74572480,0
2022-03-21T14:00:00.000Z,199227584,0,1983601920,2019943420,74660312,0
2022-03-21T16:00:00.000Z,179505728,0,1983462780,2019938300,74723984,0
2022-03-21T18:00:00.000Z,190353168,0,1983542910,2019944830,74723056,0
2022-03-21T20:00:00.000Z,143935968,0,1983505410,2019944580,74716096,0
2022-03-21T22:00:00.000Z,109979736,0,1983635460,2019952510,74705384,0
2022-03-22T00:00:00.000Z,108287504,0,1983567490,2019957760,74764024,0
2022-03-22T02:00:00.000Z,101376040,0,1983488130,2019957630,74754824,0
2022-03-22T04:00:00.000Z,109487016,0,1983503740,2019952640,74693304,0
2022-03-22T06:00:00.000Z,140924096,0,1983543420,2019952510,74655808,0
2022-03-22T08:00:00.000Z,185441088,0,1983715200,2019991300,74545304,0
2022-03-22T10:00:00.000Z,199626688,0,1983632510,2019952510,74561448,0
2022-03-22T12:00:00.000Z,199339776,0,1983616900,2019952900,74578768,0
2022-03-22T14:00:00.000Z,182469088,0,1983607940,2019953540,74657248,0
2022-03-22T16:00:00.000Z,163230208,0,1983531780,2019952640,74663248,0
2022-03-22T18:00:00.000Z,167834368,0,1983549570,2019953150,74664048,0
2022-03-22T20:00:00.000Z,135655824,0,1983556990,2019953020,74653448,0
2022-03-22T22:00:00.000Z,117802248,0,1983668990,2019954050,74651880,0
2022-03-23T00:00:00.000Z,109767688,0,1983720320,2019954430,74609280,0
2022-03-23T02:00:00.000Z,101476120,0,1983680000,2019953540,74592600,0
2022-03-23T04:00:00.000Z,105600720,0,1983647360,2019954690,74609312,0
2022-03-23T06:00:00.000Z,140142048,0,1983651070,2019948290,74564656,0
2022-03-23T08:00:00.000Z,180651072,0,1983799680,2019945980,74419880,0
2022-03-23T10:00:00.000Z,187926832,0,1983800190,2019946750,74416536,0
2022-03-23T12:00:00.000Z,192747024,0,1985162370,2021367680,74472040,0
2022-03-23T14:00:00.000Z,195613712,0,1989733630,2025880190,74483136,0
2022-03-23T16:00:00.000Z,166264000,0,1990605060,2026764030,74463936,0
2022-03-23T18:00:00.000Z,169297424,0,1989781630,2025959680,74461032,0
2022-03-23T20:00:00.000Z,162367120,0,1925131140,1961526020,74527280,0
2022-03-23T22:00:00.000Z,127255664,0,1790900860,1827800960,74454552,0
2022-03-24T00:00:00.000Z,137608224,0,1790969090,1827809020,74464832,0
2022-03-24T02:00:00.000Z,134583344,0,1790946560,1827801980,74453904,0
2022-03-24T04:00:00.000Z,120317896,0,1790863100,1827771520,74476120,0
2022-03-24T06:00:00.000Z,145934768,0,1790755970,1827758720,74466912,0
2022-03-24T08:00:00.000Z,191452160,0,1791031810,1827917820,74361464,0
2022-03-24T10:00:00.000Z,207745264,0,1790983300,1827880190,74345408,0
2022-03-24T12:00:00.000Z,189403632,0,1791037700,1827921410,74355216,0
2022-03-24T14:00:00.000Z,177222240,0,1791013380,1827896580,74350928,0
2022-03-24T16:00:00.000Z,165560960,0,1790993660,1827893630,74352464,0
2022-03-24T18:00:00.000Z,163339040,0,1791029890,1827900030,74356024,0
2022-03-24T20:00:00.000Z,141209120,0,1791061120,1827911810,74352656,0
2022-03-24T22:00:00.000Z,128305528,0,1791114240,1827961600,74346912,0
2022-03-25T00:00:00.000Z,133025512,0,1790914940,1827928320,74472688,0
2022-03-25T02:00:00.000Z,122367712,0,1791103230,1827910020,74388904,0
2022-03-25T04:00:00.000Z,99225912,0,1791118590,1827913860,74398200,0
2022-03-25T06:00:00.000Z,139330704,0,1791075840,1827911550,74390216,0
2022-03-25T08:00:00.000Z,177959920,0,1791163140,1827964930,74295896,0
2022-03-25T10:00:00.000Z,180320016,0,1791236990,1828017660,74273856,0
2022-03-25T12:00:00.000Z,178762704,0,1791421060,1828094720,74168992,0
2022-03-25T14:00:00.000Z,169691632,0,1791513980,1828257280,74231880,0
2022-03-25T16:00:00.000Z,155927744,0,1791540990,1828372480,74308864,0
2022-03-25T18:00:00.000Z,176176704,0,1791566210,1828372990,74298344,0
2022-03-25T20:00:00.000Z,144510096,0,1791594880,1828372220,74279664,0
2022-03-25T22:00:00.000Z,130214512,0,1793803010,1830610050,74301888,0
2022-03-26T00:00:00.000Z,104654464,0,1791691780,1828412160,74251520,0
2022-03-26T02:00:00.000Z,101370568,0,1791772290,1828425730,74235224,0
2022-03-26T04:00:00.000Z,104696640,0,1791757570,1828380930,74245760,0
2022-03-26T06:00:00.000Z,113811944,0,1791727360,1828378370,74245568,0
2022-03-26T08:00:00.000Z,119402208,0,1791670140,1828375170,74205960,0
2022-03-26T10:00:00.000Z,115688784,0,1791634940,1828373890,74207624,0
2022-03-26T12:00:00.000Z,113856616,0,1791636480,1828373890,74210024,0
2022-03-26T14:00:00.000Z,113209784,0,1791641600,1828373890,74205944,0
2022-03-26T16:00:00.000Z,109257576,0,1791649540,1828374020,74184544,0
2022-03-26T18:00:00.000Z,112831696,0,1791669890,1828394750,74201840,0
2022-03-26T20:00:00.000Z,113438696,0,1791656960,1828396540,74202744,0
2022-03-26T22:00:00.000Z,121573776,0,1791650560,1828396670,74202504,0
2022-03-27T00:00:00.000Z,110615456,0,1791667070,1828396930,74206560,0
2022-03-27T02:00:00.000Z,97123176,0,1791704190,1828394750,74151560,0
2022-03-27T04:00:00.000Z,102387872,0,1791722750,1828389380,74125088,0
2022-03-27T06:00:00.000Z,109423160,0,1791712260,1828389250,74131760,0
2022-03-27T08:00:00.000Z,116397928,0,1791735680,1828389250,74109776,0
2022-03-27T10:00:00.000Z,111580520,0,1791733380,1828389250,74111584,0
2022-03-27T12:00:00.000Z,119106848,0,1791750660,1828389250,74092288,0
2022-03-27T14:00:00.000Z,118457936,0,1791595650,1828389250,74250032,0
2022-03-27T16:00:00.000Z,121744224,0,1791578240,1828389760,74264096,0
2022-03-27T18:00:00.000Z,134082720,0,1791600130,1828389630,74258800,0
2022-03-27T20:00:00.000Z,122019504,0,1791609730,1828389380,74256112,0
2022-03-27T22:00:00.000Z,124403840,0,1791629570,1828389760,74231208,0
2022-03-28T00:00:00.000Z,149718656,0,1791659390,1828389380,74199384,0
2022-03-28T02:00:00.000Z,120936248,0,1791658240,1828389760,74196200,0
2022-03-28T04:00:00.000Z,132252112,0,1808134530,1844806270,74200040,0
2022-03-28T06:00:00.000Z,180316848,0,1859065600,1895548670,74207464,0
2022-03-28T08:00:00.000Z,187770848,0,1859060480,1895522940,74167344,0
2022-03-28T10:00:00.000Z,182119136,0,1859022080,1895517700,74208744,0
2022-03-28T12:00:00.000Z,179471136,0,1859109630,1895578110,74204416,0
2022-03-28T14:00:00.000Z,159530400,0,1859075970,1895518590,74204616,0
2022-03-28T16:00:00.000Z,160871728,0,1859014530,1895517820,74207200,0
2022-03-28T18:00:00.000Z,152174768,0,1859071360,1895523070,74211200,0
2022-03-28T20:00:00.000Z,138788944,0,1859039740,1895517950,74208240,0
2022-03-28T22:00:00.000Z,132969248,0,1859034880,1895518080,74204464,0
2022-03-29T00:00:00.000Z,150952896,0,1851343230,1887744640,74201072,0
2022-03-29T02:00:00.000Z,111396448,0,1859088640,1895519100,74187808,0
2022-03-29T04:00:00.000Z,123299312,0,1859004930,1895518590,74232032,0
2022-03-29T06:00:00.000Z,175794944,0,1859081730,1895571580,74233480,0
2022-03-29T08:00:00.000Z,191831616,0,1878173950,1914586370,74218176,0
2022-03-29T10:00:00.000Z,197177008,0,1947434110,1983619710,74220560,0
2022-03-29T12:00:00.000Z,189454112,0,1947426430,1983620100,74218472,0
2022-03-29T14:00:00.000Z,165021056,0,1947556990,1983621630,74216328,0
2022-03-29T16:00:00.000Z,162285776,0,1947449090,1983620100,74201224,0
2022-03-29T18:00:00.000Z,149310512,0,1947462660,1983622530,74195320,0
2022-03-29T20:00:00.000Z,136149344,0,1947500930,1983620100,74163368,0
2022-03-29T22:00:00.000Z,112535664,0,1947475710,1983621250,74190496,0
2022-03-30T00:00:00.000Z,98547520,0,1947552260,1983622140,74149000,0
2022-03-30T02:00:00.000Z,96904216,0,1947533570,1983621500,74168032,0
2022-03-30T04:00:00.000Z,126795648,0,1947468160,1983620860,74178856,0
2022-03-30T06:00:00.000Z,177586336,0,1947498620,1983645700,74179248,0
2022-03-30T08:00:00.000Z,183249856,0,1947529090,1983659900,74167048,0
2022-03-30T10:00:00.000Z,185468096,0,1947480450,1983629060,74168800,0
2022-03-30T12:00:00.000Z,201003808,0,1947521150,1983661700,74168984,0
2022-03-30T14:00:00.000Z,167586672,0,1947484800,1983624320,74162576,0
2022-03-30T16:00:00.000Z,161411888,0,1947490430,1983624320,74144888,0
2022-03-30T18:00:00.000Z,145945920,0,1947544830,1983626620,74119616,0
2022-03-30T20:00:00.000Z,116083440,0,1947473920,1983624960,74212008,0
2022-03-30T22:00:00.000Z,117160992,0,1947606020,1983624320,74067040,0
2022-03-31T00:00:00.000Z,146689504,0,1947655300,1983624320,74041680,0
2022-03-31T02:00:00.000Z,123677440,0,1947703170,1983624960,74005648,0
2022-03-31T04:00:00.000Z,114188712,0,1947629310,1983623550,74021600,0
2022-03-31T06:00:00.000Z,149996960,0,1930280320,1966190080,74007496,0
2022-03-31T08:00:00.000Z,180023344,0,1935770240,1971669760,73945920,0
2022-03-31T10:00:00.000Z,174132480,0,1947723900,1983643390,73954808,0
2022-03-31T12:00:00.000Z,173162176,0,1947739140,1983648510,73958080,0
2022-03-31T14:00:00.000Z,151788000,0,1947739260,1983644800,73946744,0
2022-03-31T16:00:00.000Z,156655888,0,1947699200,1983622780,73943704,0
2022-03-31T18:00:00.000Z,147980544,0,1947695230,1983623170,73960072,0
2022-03-31T20:00:00.000Z,102589696,0,1947703550,1983623040,73961512,0
2022-03-31T22:00:00.000Z,117919280,0,1947724160,1983624580,73950816,0
2022-04-01T00:00:00.000Z,157591968,0,1947773310,1983625220,73945848,0
2022-04-01T02:00:00.000Z,118600608,0,1947777920,1983625730,73961928,0
2022-04-01T04:00:00.000Z,115335632,0,1947685380,1983624450,73982376,0
2022-04-01T06:00:00.000Z,146929056,0,1947689860,1983624450,73969776,0
2022-04-01T08:00:00.000Z,166328192,0,1947762820,1983631740,73908168,0
2022-04-01T10:00:00.000Z,174986720,0,1947711230,1983632770,73950688,0
2022-04-01T12:00:00.000Z,172122784,0,1947708030,1983632770,73959640,0
2022-04-01T14:00:00.000Z,154154112,0,1947693060,1983633020,73973816,0
2022-04-01T16:00:00.000Z,153293680,0,1947691780,1983632640,73965408,0
2022-04-01T18:00:00.000Z,136977440,0,1947695230,1983633150,73972024,0
2022-04-01T20:00:00.000Z,129430768,0,1947708290,1983632900,73966272,0
2022-04-01T22:00:00.000Z,108533576,0,1947716350,1983632770,73953840,0
2022-04-02T00:00:00.000Z,100608440,0,1947829250,1983633790,73892512,0
2022-04-02T02:00:00.000Z,97648944,0,1947778300,1983632900,73916408,0
2022-04-02T04:00:00.000Z,101776000,0,1947773950,1983632770,73916256,0
2022-04-02T06:00:00.000Z,109829472,0,1947789700,1983632770,73899160,0
2022-04-02T08:00:00.000Z,118086024,0,1947726210,1983632640,73969216,0
2022-04-02T10:00:00.000Z,120147232,0,1947710590,1983632770,73976128,0
2022-04-02T12:00:00.000Z,113946800,0,1947704960,1983632770,73971160,0
2022-04-02T14:00:00.000Z,113971008,0,1947712510,1983632770,73972328,0
2022-04-02T16:00:00.000Z,115846728,0,1947707390,1983632900,73970904,0
2022-04-02T18:00:00.000Z,115189240,0,1947715970,1983632900,73971408,0
2022-04-02T20:00:00.000Z,112456056,0,1947722110,1983633020,73969664,0
2022-04-02T22:00:00.000Z,109298400,0,1947709950,1983632770,73974432,0
2022-04-03T00:00:00.000Z,100255456,0,1947808260,1983633920,73962080,0
2022-04-03T02:00:00.000Z,100005800,0,1947757440,1983633150,73975824,0
2022-04-03T04:00:00.000Z,103862208,0,1947718660,1983632640,73960464,0
2022-04-03T06:00:00.000Z,113024256,0,1947684860,1983632640,73994216,0
2022-04-03T08:00:00.000Z,121132264,0,1947682940,1983632640,73994152,0
2022-04-03T10:00:00.000Z,127776064,0,1947680640,1983632640,73991960,0
2022-04-03T12:00:00.000Z,125935184,0,1947677060,1983632640,73994784,0
2022-04-03T14:00:00.000Z,134484896,0,1947677570,1983632770,73989152,0
2022-04-03T16:00:00.000Z,130418296,0,1947677700,1983632770,73988424,0
2022-04-03T18:00:00.000Z,141390624,0,1947680510,1983633020,73989088,0
2022-04-03T20:00:00.000Z,128398872,0,1947686400,1983632900,73989104,0
2022-04-03T22:00:00.000Z,114323040,0,1947728380,1983632900,73946264,0
2022-04-04T00:00:00.000Z,142775728,0,1947726080,1983632900,73951824,0
2022-04-04T02:00:00.000Z,131925504,0,1947787260,1983634050,73986360,0
2022-04-04T04:00:00.000Z,130092008,0,1947731580,1983633660,73978712,0
2022-04-04T06:00:00.000Z,175711920,0,1947743100,1983653890,73973200,0
2022-04-04T08:00:00.000Z,203204064,0,1969246080,2004983420,73914320,0
2022-04-04T10:00:00.000Z,196360688,0,2037288830,2072834690,73913320,0
2022-04-04T12:00:00.000Z,192750576,0,2038786820,2074344450,73950712,0
2022-04-04T14:00:00.000Z,176543568,0,2040431740,2075943550,73979600,0
2022-04-04T16:00:00.000Z,179685840,0,2040366590,2075960700,73972384,0
2022-04-04T18:00:00.000Z,163915872,0,2040392450,2075942270,73957768,0
2022-04-04T20:00:00.000Z,158594720,0,2040386940,2075941250,73964584,0
2022-04-04T22:00:00.000Z,137633072,0,2040359040,2075941380,73977136,0
2022-04-05T00:00:00.000Z,118337912,0,2040454660,2075942020,73939168,0
2022-04-05T02:00:00.000Z,115847904,0,2040461700,2075942400,73962992,0
2022-04-05T04:00:00.000Z,128137240,0,2040392700,2075941380,73948096,0
2022-04-05T06:00:00.000Z,170301408,0,2040499460,2075941250,73831744,0
2022-04-05T08:00:00.000Z,206986096,0,2040463490,2075941380,73867976,0
2022-04-05T10:00:00.000Z,204052944,0,2040465790,2075941120,73857384,0
2022-04-05T12:00:00.000Z,198761840,0,2020038660,2055593860,73895168,0
2022-04-05T14:00:00.000Z,177230384,0,1863673090,1899743360,73947936,0
2022-04-05T16:00:00.000Z,179755744,0,1863528700,1899741440,73969304,0
2022-04-05T18:00:00.000Z,143062080,0,1863551740,1899741700,73970608,0
2022-04-05T20:00:00.000Z,121146232,0,1863561600,1899741570,73961640,0
2022-04-05T22:00:00.000Z,115308224,0,1863649020,1899741570,73874768,0
2022-04-06T00:00:00.000Z,102542088,0,1863620860,1899741700,73908232,0
2022-04-06T02:00:00.000Z,100995248,0,1863769220,1899742080,73800416,0
2022-04-06T04:00:00.000Z,118809896,0,1863754620,1899742850,73831008,0
2022-04-06T06:00:00.000Z,168152320,0,1863751040,1899759230,73788888,0
2022-04-06T08:00:00.000Z,259691712,0,1863755390,1899741440,73746240,0
2022-04-06T10:00:00.000Z,231208016,0,1863793020,1899743360,73707312,0
2022-04-06T12:00:00.000Z,199368352,0,1863726590,1899738110,73780816,0
2022-04-06T14:00:00.000Z,178522160,0,1863666300,1899737730,73834056,0
2022-04-06T16:00:00.000Z,189347568,0,1863661570,1899737860,73839520,0
2022-04-06T18:00:00.000Z,174320512,0,1863678080,1899737980,73825920,0
2022-04-06T20:00:00.000Z,162099568,0,1863695100,1899737860,73832344,0
2022-04-06T22:00:00.000Z,152288544,0,1863703810,1899738620,73822400,0
2022-04-07T00:00:00.000Z,150297216,0,1863752190,1899738880,73774312,0
2022-04-07T02:00:00.000Z,111913312,0,1863732480,1899738620,73793640,0
2022-04-07T04:00:00.000Z,141401968,0,1863676420,1899737730,73823848,0
2022-04-07T06:00:00.000Z,197290208,0,1863651710,1899737730,73844464,0
2022-04-07T08:00:00.000Z,211220928,0,1863698050,1899737730,73793376,0
2022-04-07T10:00:00.000Z,213952304,0,1863725820,1899755520,73789296,0
2022-04-07T12:00:00.000Z,209528880,0,1863682820,1899774460,73862336,0
2022-04-07T14:00:00.000Z,182782592,0,1863599490,1899738750,73895328,0
2022-04-07T16:00:00.000Z,192102720,0,1863597440,1899738620,73902576,0
2022-04-07T18:00:00.000Z,179135824,0,1863600380,1899739010,73902456,0
2022-04-07T20:00:00.000Z,166280288,0,1863618430,1899738750,73904480,0
2022-04-07T22:00:00.000Z,151443536,0,1863609980,1899738750,73886616,0
2022-04-08T00:00:00.000Z,158641616,0,1862834940,1899738620,74665808,0
2022-04-08T02:00:00.000Z,120329184,0,1862677500,1899739650,74889592,0
2022-04-08T04:00:00.000Z,145690688,0,1862634240,1899757820,74896856,0
2022-04-08T06:00:00.000Z,197176608,0,1862624260,1899762820,74888656,0
2022-04-08T08:00:00.000Z,206102256,0,1862696320,1899773180,74833688,0
2022-04-08T10:00:00.000Z,213763488,0,1862745980,1899762820,74766848,0
2022-04-08T12:00:00.000Z,205325776,0,1862695550,1899762940,74825096,0
2022-04-08T14:00:00.000Z,179460368,0,1862651390,1899763580,74868744,0
2022-04-08T16:00:00.000Z,173437008,0,1862658050,1899762820,74859520,0
2022-04-08T18:00:00.000Z,136417632,0,1862662400,1899763460,74863840,0
2022-04-08T20:00:00.000Z,119642776,0,1862711040,1899763070,74835936,0
2022-04-08T22:00:00.000Z,117799616,0,1862743810,1899763070,74783296,0
2022-04-09T00:00:00.000Z,108836944,0,1863845890,1899765250,73793672,0
2022-04-09T02:00:00.000Z,112369264,0,1863993220,1899765630,73713000,0
2022-04-09T04:00:00.000Z,114152104,0,1863793540,1899762820,73731160,0
2022-04-09T06:00:00.000Z,119160552,0,1863790980,1899762940,73731992,0
2022-04-09T08:00:00.000Z,124751496,0,1863783040,1899762820,73734640,0
2022-04-09T10:00:00.000Z,121693896,0,1863781890,1899762940,73732784,0
2022-04-09T12:00:00.000Z,122183832,0,1863783300,1899762940,73725744,0
2022-04-09T14:00:00.000Z,114404232,0,1863777790,1899762940,73728936,0
2022-04-09T16:00:00.000Z,120838136,0,1863831170,1899762940,73671560,0
2022-04-09T18:00:00.000Z,120235328,0,1863875330,1899763200,73647672,0
2022-04-09T20:00:00.000Z,123699984,0,1863874560,1899763330,73671320,0
2022-04-09T22:00:00.000Z,134521696,0,1863899140,1899763840,73674752,0
2022-04-10T00:00:00.000Z,114261352,0,1863901180,1899762940,73640224,0
2022-04-10T02:00:00.000Z,113424640,0,1863868800,1899762940,73663696,0
2022-04-10T04:00:00.000Z,119619200,0,1863853440,1899763070,73677152,0
2022-04-10T06:00:00.000Z,121460056,0,1863842560,1899763070,73676960,0
2022-04-10T08:00:00.000Z,118841456,0,1863832700,1899762940,73676568,0
2022-04-10T10:00:00.000Z,120869776,0,1863825150,1899762940,73693872,0
2022-04-10T12:00:00.000Z,119393792,0,1863850370,1899762940,73661776,0
2022-04-10T14:00:00.000Z,125824176,0,1863712380,1899762820,73809968,0
2022-04-10T16:00:00.000Z,120926384,0,1863705340,1899762940,73810304,0
2022-04-10T18:00:00.000Z,123812800,0,1863722880,1899763070,73807368,0
2022-04-10T20:00:00.000Z,124786680,0,1863728380,1899764100,73807120,0
2022-04-10T22:00:00.000Z,133017384,0,1863869180,1899763070,73679360,0
2022-04-11T00:00:00.000Z,162028112,0,1863829890,1899763070,73714904,0
2022-04-11T02:00:00.000Z,124913456,0,1863835390,1899762940,73695544,0
2022-04-11T04:00:00.000Z,123581344,0,1863835390,1899762940,73694736,0
2022-04-11T06:00:00.000Z,181980752,0,1863951230,1899767040,73581384,0
2022-04-11T08:00:00.000Z,223317744,0,1864007300,1899776000,73527384,0
2022-04-11T10:00:00.000Z,223500256,0,1864057980,1899819520,73533536,0
2022-04-11T12:00:00.000Z,219667936,0,1863996930,1899772930,73543480,0
2022-04-11T14:00:00.000Z,188315520,0,1863960320,1899770370,73689376,0
2022-04-11T16:00:00.000Z,197943712,0,1863880450,1899769220,73688384,0
2022-04-11T18:00:00.000Z,151455072,0,1863911300,1899770620,73691680,0
2022-04-11T20:00:00.000Z,130982216,0,1863885700,1899768960,73684488,0
2022-04-11T22:00:00.000Z,132771320,0,1863893630,1899769220,73668992,0
2022-04-12T00:00:00.000Z,118736240,0,1863949060,1899769090,73600592,0
2022-04-12T02:00:00.000Z,107211584,0,1863941120,1899768960,73608696,0
2022-04-12T04:00:00.000Z,130970392,0,1863954820,1899769090,73588304,0
2022-04-12T06:00:00.000Z,178360864,0,1864038660,1899769090,73507088,0
2022-04-12T08:00:00.000Z,220298176,0,1864195330,1899784700,73374192,0
2022-04-12T10:00:00.000Z,224902976,0,1864179330,1899771650,73364600,0
2022-04-12T12:00:00.000Z,211035040,0,1864138240,1899769470,73407784,0
2022-04-12T14:00:00.000Z,184760976,0,1864137730,1899770750,73521416,0
2022-04-12T16:00:00.000Z,196533552,0,1864028290,1899769470,73521632,0
2022-04-12T18:00:00.000Z,153470992,0,1864036740,1899769730,73518664,0
2022-04-12T20:00:00.000Z,141177488,0,1864048900,1899769470,73517488,0
2022-04-12T22:00:00.000Z,141953184,0,1864093440,1899787780,73502352,0
2022-04-13T00:00:00.000Z,162135408,0,1864131460,1899769600,73422336,0
2022-04-13T02:00:00.000Z,119437616,0,1864169090,1899769980,73451288,0
2022-04-13T04:00:00.000Z,129820016,0,1864149120,1899772290,73464536,0
2022-04-13T06:00:00.000Z,185327216,0,1864161660,1899774210,73383112,0
2022-04-13T08:00:00.000Z,,,,,,
2022-04-13T10:00:00.000Z,,,,,,
