Time,Data receive rate for V03_n3,Data receive rate for V03_n3 v0,Data receive rate for V03_n3 v1,Data receive rate for V03_n3 v2,Data receive rate for V03_n3 v3,Data receive rate for V03_n3 v4,Data receive rate for V03_n3 v5,Data transmit rate for V03_n3,Data transmit rate for V03_n3 v0,Data transmit rate for V03_n3 v1,Data transmit rate for V03_n3 v2,Data transmit rate for V03_n3 v3,Data transmit rate for V03_n3 v4,Data transmit rate for V03_n3 v5,Usage for V03_n3,Usage for V03_n3 v0,Usage for V03_n3 v1,Usage for V03_n3 v2,Usage for V03_n3 v3,Usage for V03_n3 v4,Usage for V03_n3 v5
2021-04-14T00:00:00.000Z,1956,868,426,658,0,0,2,897,694,192,0,0,0,11,2854,1562,618,658,0,0,14
2021-04-15T00:00:00.000Z,2368,849,876,639,0,0,2,1019,700,308,0,0,0,10,3388,1550,1184,639,0,0,13
2021-04-16T00:00:00.000Z,1980,840,504,632,0,0,2,957,684,261,0,0,0,11,2938,1525,765,632,0,0,13
2021-04-17T00:00:00.000Z,1505,133,1260,107,0,0,2,350,103,234,0,0,0,11,1855,237,1495,107,0,0,14
2021-04-18T00:00:00.000Z,607,100,423,80,0,0,2,295,70,214,0,0,0,11,903,170,637,80,0,0,13
2021-04-19T00:00:00.000Z,1790,878,247,661,0,0,2,1029,733,285,0,0,0,11,2820,1611,532,661,0,0,14
2021-04-20T00:00:00.000Z,2422,1051,537,830,0,0,2,917,742,163,0,0,0,11,3339,1794,700,830,0,0,13
2021-04-21T00:00:00.000Z,1946,867,424,650,0,0,2,898,721,166,0,0,0,11,2845,1589,590,650,0,0,14
2021-04-22T00:00:00.000Z,2747,846,1270,626,0,0,2,1006,714,281,0,0,0,11,3754,1560,1552,626,0,0,14
2021-04-23T00:00:00.000Z,8161,3754,884,3517,0,0,2,1060,771,277,0,0,0,11,9221,4526,1162,3517,0,0,14
2021-04-24T00:00:00.000Z,523,140,264,115,0,0,2,323,101,210,0,0,0,11,847,242,475,115,0,0,13
2021-04-25T00:00:00.000Z,444,116,229,95,0,0,2,323,86,226,0,0,0,11,768,202,455,95,0,0,13
2021-04-26T00:00:00.000Z,2113,870,586,653,0,0,2,1000,732,256,0,0,0,11,3113,1602,843,653,0,0,14
2021-04-27T00:00:00.000Z,2677,1001,918,754,0,0,2,1014,830,172,0,0,0,11,3691,1831,1089,754,0,0,14
2021-04-28T00:00:00.000Z,2255,1076,393,782,0,0,2,1029,836,181,0,0,0,11,3284,1912,575,782,0,0,13
2021-04-29T00:00:00.000Z,4294,992,2550,748,0,0,2,1131,806,313,0,0,0,11,5426,1799,2863,748,0,0,14
2021-04-30T00:00:00.000Z,2966,1202,941,819,0,0,2,1185,881,291,0,0,0,11,4151,2084,1233,819,0,0,14
2021-05-01T00:00:00.000Z,19606,232,19253,117,0,0,2,724,227,486,0,0,0,10,20331,459,19740,117,0,0,13
2021-05-02T00:00:00.000Z,609,448,62,95,0,0,2,961,601,349,0,0,0,10,1571,1050,411,95,0,0,13
2021-05-03T00:00:00.000Z,958,542,305,107,0,0,2,928,606,310,0,0,0,11,1886,1148,615,107,0,0,13
2021-05-04T00:00:00.000Z,2696,1094,774,824,0,0,2,1184,888,285,0,0,0,11,3881,1982,1059,824,0,0,13
2021-05-05T00:00:00.000Z,2851,1281,683,884,0,0,2,1199,1007,180,0,0,0,11,4050,2288,863,884,0,0,13
2021-05-06T00:00:00.000Z,2518,1120,567,827,0,0,2,1040,884,144,0,0,0,11,3559,2004,711,827,0,0,14
2021-05-07T00:00:00.000Z,2475,1060,631,780,0,0,2,1148,811,325,0,0,0,10,3624,1872,956,780,0,0,13
2021-05-08T00:00:00.000Z,1433,155,1162,112,0,0,2,369,110,247,0,0,0,11,1803,266,1410,112,0,0,13
2021-05-09T00:00:00.000Z,662,116,465,77,0,0,2,348,86,251,0,0,0,11,1010,202,716,77,0,0,14
2021-05-10T00:00:00.000Z,2053,978,350,722,0,0,2,1133,807,314,0,0,0,11,3187,1785,664,722,0,0,14
2021-05-11T00:00:00.000Z,2590,991,855,740,0,0,2,973,788,173,0,0,0,11,3564,1779,1029,740,0,0,14
2021-05-12T00:00:00.000Z,2922,920,1308,690,0,0,2,906,757,137,0,0,0,11,3828,1678,1445,690,0,0,13
2021-05-13T00:00:00.000Z,2975,917,1363,691,0,0,2,1105,750,343,0,0,0,10,4080,1668,1706,691,0,0,13
2021-05-14T00:00:00.000Z,2931,1041,1061,825,0,0,2,1004,686,306,0,0,0,11,3936,1728,1368,825,0,0,14
2021-05-15T00:00:00.000Z,931,123,713,92,0,0,2,365,105,249,0,0,0,11,1297,228,962,92,0,0,13
2021-05-16T00:00:00.000Z,742,101,564,74,0,0,2,354,86,256,0,0,0,11,1097,188,819,74,0,0,13
2021-05-17T00:00:00.000Z,2790,889,1240,657,0,0,2,1051,758,281,0,0,0,11,3842,1648,1521,657,0,0,14
2021-05-18T00:00:00.000Z,1997,964,301,728,0,0,2,985,767,206,0,0,0,11,2983,1732,508,728,0,0,13
2021-05-19T00:00:00.000Z,2556,910,969,672,0,0,2,988,769,181,0,0,0,38,3545,1680,1150,672,0,0,41
2021-05-20T00:00:00.000Z,2621,922,1031,664,0,0,2,1115,773,330,0,0,0,11,3737,1695,1361,664,0,0,14
2021-05-21T00:00:00.000Z,3158,894,1648,612,0,0,2,1053,733,308,0,0,0,11,4211,1628,1956,612,0,0,14
2021-05-22T00:00:00.000Z,1799,131,1582,81,0,0,2,393,119,262,0,0,0,11,2193,251,1845,81,0,0,14
2021-05-23T00:00:00.000Z,634,106,457,68,0,0,2,350,95,243,0,0,0,11,985,201,700,68,0,0,14
2021-05-24T00:00:00.000Z,2544,928,909,703,0,0,2,1054,758,283,0,0,0,11,3598,1686,1193,703,0,0,13
2021-05-25T00:00:00.000Z,2400,984,665,747,0,0,2,951,777,163,0,0,0,11,3352,1761,828,747,0,0,14
2021-05-26T00:00:00.000Z,2952,942,1316,691,0,0,2,978,782,185,0,0,0,10,3931,1725,1500,691,0,0,13
2021-05-27T00:00:00.000Z,2331,999,603,725,0,0,2,1144,823,309,0,0,0,10,3475,1823,912,725,0,0,13
2021-05-28T00:00:00.000Z,2121,945,473,698,0,0,2,1077,762,303,0,0,0,11,3199,1708,776,698,0,0,14
2021-05-29T00:00:00.000Z,1384,139,1151,90,0,0,2,377,118,247,0,0,0,10,1762,257,1399,90,0,0,13
2021-05-30T00:00:00.000Z,433,126,226,77,0,0,2,357,105,240,0,0,0,11,790,231,466,77,0,0,14
2021-05-31T00:00:00.000Z,2498,1163,468,863,0,0,2,1253,944,298,0,0,0,11,3751,2107,767,863,0,0,13
2021-06-01T00:00:00.000Z,4500,1257,2317,922,0,0,2,1170,966,192,0,0,0,11,5671,2224,2509,922,0,0,14
2021-06-02T00:00:00.000Z,2810,1053,981,771,0,0,2,1050,846,192,0,0,0,11,3861,1900,1173,771,0,0,14
2021-06-03T00:00:00.000Z,2390,124,2177,83,0,0,2,415,109,294,0,0,0,11,2805,234,2472,83,0,0,14
2021-06-04T00:00:00.000Z,2053,791,621,637,0,0,2,736,439,285,0,0,0,11,2789,1230,906,637,0,0,14
2021-06-05T00:00:00.000Z,1113,128,899,82,0,0,2,384,113,259,0,0,0,11,1498,242,1158,82,0,0,14
2021-06-06T00:00:00.000Z,593,122,388,79,0,0,2,260,102,146,0,0,0,11,853,224,535,79,0,0,13
2021-06-07T00:00:00.000Z,2543,1004,795,740,0,0,2,1104,833,259,0,0,0,11,3646,1837,1054,740,0,0,14
2021-06-08T00:00:00.000Z,3036,1072,1246,714,0,0,2,1090,892,186,0,0,0,11,4125,1964,1432,714,0,0,14
2021-06-09T00:00:00.000Z,2324,908,754,659,0,0,2,977,782,184,0,0,0,10,3302,1690,938,659,0,0,13
2021-06-10T00:00:00.000Z,3205,877,1683,641,0,0,2,1025,753,260,0,0,0,11,4231,1631,1943,641,0,0,13
2021-06-11T00:00:00.000Z,2505,818,1075,608,0,0,2,1021,699,311,0,0,0,11,3527,1517,1386,608,0,0,13
2021-06-12T00:00:00.000Z,995,131,761,100,0,0,2,372,111,249,0,0,0,11,1368,243,1010,100,0,0,13
2021-06-13T00:00:00.000Z,625,105,439,77,0,0,2,367,92,263,0,0,0,11,993,198,702,77,0,0,14
2021-06-14T00:00:00.000Z,2150,835,713,598,0,0,2,1044,725,306,0,0,0,11,3194,1561,1019,598,0,0,14
2021-06-15T00:00:00.000Z,1979,897,431,647,0,0,2,988,747,229,0,0,0,11,2968,1645,661,647,0,0,14
2021-06-16T00:00:00.000Z,3032,879,1497,652,0,0,2,1028,813,202,0,0,0,11,4061,1694,1699,652,0,0,14
2021-06-17T00:00:00.000Z,1875,860,386,624,0,0,2,1072,775,285,0,0,0,11,2947,1637,671,624,0,0,14
2021-06-18T00:00:00.000Z,1884,788,516,575,0,0,2,1003,701,290,0,0,0,11,2888,1490,807,575,0,0,14
2021-06-19T00:00:00.000Z,417,129,190,95,0,0,2,353,110,231,0,0,0,11,771,240,420,95,0,0,13
2021-06-20T00:00:00.000Z,332,100,159,70,0,0,2,334,88,235,0,0,0,11,667,188,393,70,0,0,14
2021-06-21T00:00:00.000Z,1949,813,530,601,0,0,2,1094,807,275,0,0,0,11,3043,1620,806,601,0,0,14
2021-06-22T00:00:00.000Z,2606,986,864,752,0,0,2,964,762,191,0,0,0,11,3570,1749,1054,752,0,0,13
2021-06-23T00:00:00.000Z,2146,841,679,623,0,0,2,985,767,205,0,0,0,12,3132,1608,884,623,0,0,15
2021-06-24T00:00:00.000Z,1985,827,547,607,0,0,2,1058,741,305,0,0,0,11,3044,1568,852,607,0,0,14
2021-06-25T00:00:00.000Z,1927,741,617,563,0,0,2,983,663,308,0,0,0,11,2911,1405,926,563,0,0,14
2021-06-26T00:00:00.000Z,402,113,202,83,0,0,2,371,122,236,0,0,0,12,774,236,437,83,0,0,15
2021-06-27T00:00:00.000Z,672,86,521,61,0,0,2,358,93,252,0,0,0,12,1030,179,773,61,0,0,15
2021-06-28T00:00:00.000Z,2479,817,1034,624,0,0,2,1067,752,303,0,0,0,11,3546,1569,1336,624,0,0,14
2021-06-29T00:00:00.000Z,3379,954,1735,686,0,0,2,1005,816,176,0,0,0,11,4385,1771,1911,686,0,0,14
2021-06-30T00:00:00.000Z,2597,976,892,726,0,0,2,1091,911,167,0,0,0,12,3689,1888,1059,726,0,0,14
2021-07-01T00:00:00.000Z,3599,1065,1718,811,0,0,2,1253,993,247,0,0,0,12,4853,2059,1965,811,0,0,15
2021-07-02T00:00:00.000Z,1904,982,243,673,0,0,2,1106,918,176,0,0,0,12,3010,1900,419,673,0,0,15
2021-07-03T00:00:00.000Z,783,152,544,82,0,0,2,293,150,130,0,0,0,12,1077,302,674,82,0,0,15
2021-07-04T00:00:00.000Z,644,145,415,80,0,0,2,283,142,127,0,0,0,12,927,288,542,80,0,0,15
2021-07-05T00:00:00.000Z,2493,908,918,663,0,0,2,1369,985,370,0,0,0,12,3862,1894,1288,663,0,0,15
2021-07-06T00:00:00.000Z,2711,986,1039,682,0,0,2,1099,894,192,0,0,0,12,3811,1881,1231,682,0,0,15
2021-07-07T00:00:00.000Z,2502,877,1003,617,0,0,2,1508,1289,205,0,0,0,12,4011,2167,1209,617,0,0,15
2021-07-08T00:00:00.000Z,2779,818,1387,569,0,0,2,2373,758,1601,0,0,0,12,5153,1577,2989,569,0,0,15
2021-07-09T00:00:00.000Z,2714,813,1343,554,0,0,2,1204,724,466,0,0,0,12,3919,1538,1809,554,0,0,15
2021-07-10T00:00:00.000Z,1606,157,1359,85,0,1,2,1184,158,1013,0,0,0,12,2791,316,2371,85,0,1,15
2021-07-11T00:00:00.000Z,573,136,363,69,0,0,2,406,139,254,0,0,0,12,980,276,618,69,0,0,15
2021-07-12T00:00:00.000Z,1855,837,463,550,0,0,2,1059,772,273,0,0,0,13,2914,1610,736,550,0,0,16
2021-07-13T00:00:00.000Z,3055,1036,1233,782,0,0,2,1002,769,219,0,0,0,12,4058,1806,1453,782,0,0,15
2021-07-14T00:00:00.000Z,2655,809,1281,560,0,0,2,976,744,219,0,0,0,12,3632,1554,1500,560,0,0,15
2021-07-15T00:00:00.000Z,1577,795,243,536,0,0,2,1028,719,295,0,0,0,12,2605,1514,537,536,0,0,15
2021-07-16T00:00:00.000Z,1768,734,521,508,0,0,2,1908,675,1220,0,0,0,12,3677,1410,1742,508,0,0,15
2021-07-17T00:00:00.000Z,714,155,470,84,0,0,2,429,154,262,0,0,0,12,1143,309,732,84,0,0,15
2021-07-18T00:00:00.000Z,569,139,354,71,0,0,2,396,140,243,0,0,0,12,965,280,597,71,0,0,15
2021-07-19T00:00:00.000Z,1839,765,540,529,0,0,2,1009,714,282,0,0,0,12,2848,1480,822,529,0,0,15
2021-07-20T00:00:00.000Z,2371,847,955,564,0,0,2,1043,762,267,0,0,0,13,3414,1610,1221,564,0,0,15
2021-07-21T00:00:00.000Z,2113,782,805,522,0,0,2,940,729,198,0,0,0,12,3053,1511,1003,522,0,0,15
2021-07-22T00:00:00.000Z,3769,768,2469,527,0,0,2,1038,710,315,0,0,0,12,4807,1478,2784,527,0,0,15
2021-07-23T00:00:00.000Z,2252,766,964,517,0,0,2,1003,704,286,0,0,0,11,3255,1471,1250,517,0,0,15
2021-07-24T00:00:00.000Z,1203,159,960,79,0,0,2,430,164,252,0,0,0,12,1633,325,1212,79,0,0,15
2021-07-25T00:00:00.000Z,558,141,345,67,0,0,2,399,140,246,0,0,0,12,957,282,591,67,0,0,15
2021-07-26T00:00:00.000Z,2008,730,769,504,0,0,2,959,674,271,0,0,0,12,2968,1405,1041,504,0,0,15
2021-07-27T00:00:00.000Z,7415,3604,497,3309,0,0,2,1034,807,214,0,0,0,12,8449,4411,711,3309,0,0,15
2021-07-28T00:00:00.000Z,2163,787,828,543,0,0,2,993,726,253,0,0,0,12,3157,1514,1082,543,0,0,15
2021-07-29T00:00:00.000Z,2240,848,820,567,0,0,2,1072,760,299,0,0,0,12,3312,1609,1119,567,0,0,15
2021-07-30T00:00:00.000Z,1948,915,494,533,0,0,2,1439,850,576,0,0,0,13,3388,1766,1071,533,0,0,16
2021-07-31T00:00:00.000Z,643,260,250,129,0,0,2,562,273,275,0,0,0,12,1206,534,526,129,0,0,15
2021-08-01T00:00:00.000Z,499,176,239,80,0,0,2,474,201,261,0,0,0,12,975,377,499,80,0,0,15
2021-08-02T00:00:00.000Z,2684,960,1053,666,0,0,2,1261,928,320,0,0,0,12,3946,1889,1373,666,0,0,15
2021-08-03T00:00:00.000Z,2073,880,569,620,0,0,2,2039,796,1229,0,0,0,12,4113,1676,1798,620,0,0,15
2021-08-04T00:00:00.000Z,2295,820,923,547,0,1,2,1084,795,275,0,0,0,12,3379,1616,1198,547,0,1,15
2021-08-05T00:00:00.000Z,2704,857,1272,571,0,0,2,1742,721,1008,0,0,0,12,4446,1578,2280,571,0,0,15
2021-08-06T00:00:00.000Z,2517,773,1215,524,0,0,2,1087,749,325,0,0,0,12,3605,1523,1539,524,0,0,15
2021-08-07T00:00:00.000Z,747,195,463,84,0,1,2,592,225,354,0,0,0,12,1340,420,818,84,0,1,15
2021-08-08T00:00:00.000Z,418,169,176,69,0,0,2,502,199,290,0,0,0,12,921,369,466,69,0,0,15
2021-08-09T00:00:00.000Z,1631,802,312,513,0,0,2,1053,744,296,0,0,0,12,2684,1547,608,513,0,0,15
2021-08-10T00:00:00.000Z,1954,778,649,522,0,0,2,954,736,205,0,0,0,12,2909,1515,854,522,0,0,15
2021-08-11T00:00:00.000Z,2167,782,864,516,0,0,2,928,710,205,0,0,0,12,3096,1493,1069,516,0,0,15
2021-08-12T00:00:00.000Z,2170,729,963,473,0,0,2,5952,679,5259,0,0,0,12,8123,1409,6222,473,0,0,15
2021-08-13T00:00:00.000Z,1561,728,340,489,0,0,2,966,666,286,0,0,0,12,2528,1394,626,489,0,0,15
2021-08-14T00:00:00.000Z,672,159,427,82,0,0,2,412,160,238,0,0,0,12,1084,319,665,82,0,0,15
2021-08-15T00:00:00.000Z,484,147,260,72,0,0,2,391,147,232,0,0,0,12,876,294,492,72,0,0,16
2021-08-16T00:00:00.000Z,1758,734,533,486,0,0,2,952,679,259,0,0,0,13,2711,1414,793,486,0,0,16
2021-08-17T00:00:00.000Z,14156,6750,887,6514,0,0,2,1290,728,549,0,0,0,12,15446,7478,1436,6514,0,0,15
2021-08-18T00:00:00.000Z,3424,820,2070,528,0,0,2,1091,728,350,0,0,0,13,4514,1549,2420,528,0,0,16
2021-08-19T00:00:00.000Z,2755,726,1568,456,0,1,2,1947,700,1234,0,0,0,13,4703,1426,2802,456,0,1,15
2021-08-20T00:00:00.000Z,1879,710,692,473,0,0,2,956,664,278,0,0,0,12,2836,1375,971,473,0,0,15
2021-08-21T00:00:00.000Z,853,158,609,82,0,0,2,420,160,246,0,0,0,12,1273,318,856,82,0,0,16
2021-08-22T00:00:00.000Z,646,145,424,72,0,0,2,795,144,638,0,0,0,12,1442,289,1063,72,0,0,15
2021-08-23T00:00:00.000Z,1867,743,615,504,0,0,2,979,699,267,0,0,0,12,2846,1443,882,504,0,0,15
2021-08-24T00:00:00.000Z,2352,879,914,554,0,0,2,1747,761,973,0,0,0,12,4099,1640,1887,554,0,0,16
2021-08-25T00:00:00.000Z,2448,788,1120,536,0,0,2,924,723,188,0,0,0,12,3373,1512,1307,536,0,0,15
2021-08-26T00:00:00.000Z,2470,803,1153,509,0,0,2,5734,768,4952,0,0,0,12,8205,1572,6105,509,0,1,15
2021-08-27T00:00:00.000Z,2392,830,1006,551,0,0,2,3575,735,2827,0,0,0,12,5968,1566,3833,551,0,1,15
2021-08-28T00:00:00.000Z,1296,413,758,120,0,0,2,531,395,123,0,0,0,12,1828,809,882,120,0,0,15
2021-08-29T00:00:00.000Z,394,155,152,82,0,0,2,252,138,101,0,0,0,12,646,293,253,82,0,0,15
2021-08-30T00:00:00.000Z,1882,907,344,628,0,0,2,994,812,167,0,0,0,13,2876,1720,511,628,0,0,15
2021-08-31T00:00:00.000Z,3133,1059,1328,741,0,0,2,1137,961,162,0,0,0,12,4270,2021,1490,741,0,0,15
2021-09-01T00:00:00.000Z,3974,1074,2150,746,0,0,2,1151,935,203,0,0,0,12,5126,2009,2354,746,0,0,15
2021-09-02T00:00:00.000Z,3569,1025,1803,736,0,0,2,2284,840,1432,0,0,0,12,5854,1865,3235,736,0,0,15
2021-09-03T00:00:00.000Z,2557,930,1021,601,0,1,2,1075,841,221,0,0,0,13,3634,1772,1242,601,0,1,16
2021-09-04T00:00:00.000Z,1312,181,1022,103,0,1,2,3818,166,3638,0,0,0,13,5131,348,4661,103,0,1,16
2021-09-05T00:00:00.000Z,775,139,559,72,0,0,2,323,137,172,0,0,0,12,1099,277,732,72,0,0,16
2021-09-06T00:00:00.000Z,1939,1017,289,628,0,0,2,1193,996,184,0,0,0,13,3133,2014,472,628,0,0,16
2021-09-07T00:00:00.000Z,3400,940,1811,644,0,0,2,1041,854,174,0,0,0,12,4441,1795,1984,644,0,0,15
2021-09-08T00:00:00.000Z,2362,886,876,597,0,0,2,986,821,152,0,0,0,12,3349,1707,1028,597,0,0,15
2021-09-09T00:00:00.000Z,1966,834,567,559,0,1,2,973,765,195,0,0,0,13,2939,1600,762,559,0,1,16
2021-09-10T00:00:00.000Z,2058,835,647,571,0,0,2,934,759,162,0,0,0,12,2992,1595,809,571,0,0,15
2021-09-11T00:00:00.000Z,889,168,634,82,0,0,2,325,173,139,0,0,0,12,1214,341,774,82,0,0,15
2021-09-12T00:00:00.000Z,351,154,122,70,0,0,2,294,154,127,0,0,0,12,646,308,250,70,0,0,15
2021-09-13T00:00:00.000Z,1917,833,520,559,0,0,2,960,772,175,0,0,0,12,2877,1605,694,559,0,0,15
2021-09-14T00:00:00.000Z,2799,862,1353,579,0,0,2,10079,795,9270,0,0,0,13,12878,1657,10624,579,0,1,15
2021-09-15T00:00:00.000Z,2286,871,849,562,0,0,2,965,782,169,0,0,0,12,3252,1654,1018,562,0,0,15
2021-09-16T00:00:00.000Z,2101,820,730,546,0,0,2,950,756,181,0,0,0,12,3052,1577,912,546,0,0,15
2021-09-17T00:00:00.000Z,2467,782,1174,506,0,0,2,1216,1023,180,0,0,0,13,3685,1806,1355,506,0,0,15
2021-09-18T00:00:00.000Z,937,183,658,90,0,0,2,336,181,141,0,0,0,13,1273,365,800,90,0,0,16
2021-09-19T00:00:00.000Z,33492,162,33250,76,0,0,2,584,168,403,0,0,0,12,34077,331,33653,76,0,0,15
2021-09-20T00:00:00.000Z,1888,938,403,542,0,0,2,1102,916,173,0,0,0,12,2991,1855,576,542,0,0,15
2021-09-21T00:00:00.000Z,2420,1104,734,577,0,0,2,1290,1046,231,0,0,0,12,3711,2151,965,577,0,0,15
2021-09-22T00:00:00.000Z,1647,842,220,581,0,0,2,3092,771,2307,0,0,0,12,4739,1613,2527,581,0,1,15
2021-09-23T00:00:00.000Z,1741,798,384,555,0,0,2,876,707,155,0,0,0,12,2617,1505,539,555,0,0,15
2021-09-24T00:00:00.000Z,1951,754,689,503,0,0,2,1451,698,739,0,0,0,12,3402,1453,1428,503,0,1,15
2021-09-25T00:00:00.000Z,930,181,665,80,0,0,2,362,228,121,0,0,0,12,1293,410,786,80,0,0,15
2021-09-26T00:00:00.000Z,530,177,276,73,0,0,2,332,209,110,0,0,0,12,862,386,386,73,0,0,15
2021-09-27T00:00:00.000Z,2412,830,1006,571,0,0,2,953,788,152,0,0,0,12,3366,1619,1159,571,0,0,15
2021-09-28T00:00:00.000Z,1819,917,282,615,0,0,2,1026,871,142,0,0,0,12,2845,1788,424,615,0,0,15
2021-09-29T00:00:00.000Z,2865,936,1249,675,0,0,2,1812,865,933,0,0,0,12,4677,1802,2181,675,0,1,16
2021-09-30T00:00:00.000Z,2633,1032,875,721,0,0,2,1157,967,177,0,0,0,12,3791,2000,1052,721,0,0,16
2021-10-01T00:00:00.000Z,3196,1105,1321,765,0,0,2,5208,1023,4172,0,0,0,12,8405,2129,5493,765,0,1,16
2021-10-02T00:00:00.000Z,1038,184,754,95,0,0,2,368,217,138,0,0,0,12,1407,402,892,95,0,0,15
2021-10-03T00:00:00.000Z,1138,166,888,80,0,0,2,367,199,154,0,0,0,12,1506,366,1042,80,0,0,15
2021-10-04T00:00:00.000Z,2739,1007,1015,712,0,0,2,1124,924,186,0,0,0,12,3864,1932,1202,712,0,0,16
2021-10-05T00:00:00.000Z,3632,1292,1679,657,0,0,2,3928,1119,2794,0,0,0,12,7561,2412,4473,657,0,1,16
2021-10-06T00:00:00.000Z,2913,1314,941,653,0,0,2,6152,1383,4755,0,0,0,12,9066,2697,5696,653,0,1,15
2021-10-07T00:00:00.000Z,3111,1538,966,602,0,0,2,1534,1292,230,0,0,0,12,4646,2831,1196,602,0,0,15
2021-10-08T00:00:00.000Z,2806,902,1323,575,0,1,2,5152,830,4308,0,0,0,12,7958,1732,5632,575,0,1,15
2021-10-09T00:00:00.000Z,612,166,362,79,0,0,2,1877,243,1620,0,0,0,12,2489,410,1982,79,0,0,15
2021-10-10T00:00:00.000Z,766,386,308,67,0,0,2,501,352,135,0,0,0,12,1268,739,444,67,0,0,15
2021-10-11T00:00:00.000Z,1751,876,301,570,0,0,2,1034,852,168,0,0,0,12,2785,1728,469,570,0,0,15
2021-10-12T00:00:00.000Z,2129,1012,509,603,0,0,2,2420,953,1453,0,0,0,12,4549,1966,1962,603,0,1,15
2021-10-13T00:00:00.000Z,2497,1094,731,609,59,0,2,6234,1076,5144,0,0,0,12,8732,2171,5875,609,59,1,15
2021-10-14T00:00:00.000Z,1860,894,411,550,0,0,2,1089,863,212,0,0,0,12,2950,1758,624,550,0,0,15
2021-10-15T00:00:00.000Z,2152,1232,379,536,0,0,2,1356,1120,223,0,0,0,12,3509,2352,602,536,0,0,15
2021-10-16T00:00:00.000Z,1509,857,568,79,0,1,2,7901,732,7155,0,0,0,12,9411,1590,7724,79,0,1,15
2021-10-17T00:00:00.000Z,709,392,241,71,0,0,2,627,393,221,0,0,0,12,1335,785,461,71,0,0,15
2021-10-18T00:00:00.000Z,2000,884,562,550,0,0,2,1093,873,206,0,0,0,12,3094,1758,768,550,0,0,15
2021-10-19T00:00:00.000Z,1867,856,432,574,0,0,2,1030,847,169,0,0,0,13,2897,1703,602,574,0,0,16
2021-10-20T00:00:00.000Z,2931,1059,1328,539,0,0,2,1482,1248,221,0,0,0,12,4413,2307,1549,539,0,0,15
2021-10-21T00:00:00.000Z,2596,827,1209,555,0,0,2,986,791,181,0,0,0,12,3582,1618,1391,555,0,0,15
2021-10-22T00:00:00.000Z,2338,823,964,546,0,1,2,17117,758,16345,0,0,0,12,19456,1581,17311,546,0,1,15
2021-10-23T00:00:00.000Z,1020,493,453,69,0,0,2,799,459,327,0,0,0,12,1819,953,780,69,0,0,15
2021-10-24T00:00:00.000Z,390,151,167,68,0,0,2,480,210,257,0,0,0,12,871,361,424,68,0,1,15
2021-10-25T00:00:00.000Z,2214,831,817,561,0,0,2,1074,777,283,0,0,0,12,3289,1609,1101,561,0,0,15
2021-10-26T00:00:00.000Z,2833,1501,651,603,0,37,39,1554,1228,313,0,0,0,12,4387,2729,964,603,0,37,52
2021-10-27T00:00:00.000Z,2411,981,817,609,0,0,2,1144,922,208,0,0,0,12,3555,1903,1025,609,0,0,15
2021-10-28T00:00:00.000Z,3575,1832,1102,637,0,0,2,2466,1483,970,0,0,0,12,6042,3316,2071,637,0,0,15
2021-10-29T00:00:00.000Z,2531,1007,837,681,0,1,2,1597,1085,499,0,0,0,12,4129,2093,1337,681,0,1,15
2021-10-30T00:00:00.000Z,2190,480,1618,86,0,0,2,691,426,251,0,0,0,12,2881,907,1870,86,0,0,15
2021-10-31T00:00:00.000Z,703,158,465,75,0,0,2,466,210,243,0,0,0,12,1170,369,708,75,0,0,15
2021-11-01T00:00:00.000Z,868,185,597,81,0,0,2,494,221,260,0,0,0,12,1363,407,857,81,0,0,15
2021-11-02T00:00:00.000Z,1972,962,544,462,0,0,2,1280,862,406,0,0,0,12,3253,1824,950,462,0,0,15
2021-11-03T00:00:00.000Z,1932,753,731,443,0,1,2,3830,753,3063,0,0,0,12,5762,1507,3794,443,0,1,15
2021-11-04T00:00:00.000Z,4597,667,3510,414,0,0,2,1087,724,350,0,0,0,12,5684,1391,3861,414,0,0,15
2021-11-05T00:00:00.000Z,2126,768,981,373,0,0,2,3048,760,2274,0,0,0,12,5174,1529,3255,373,0,0,15
2021-11-06T00:00:00.000Z,1424,439,903,77,0,0,2,829,472,344,0,0,0,12,2254,911,1247,77,0,0,15
2021-11-07T00:00:00.000Z,385,145,169,67,0,0,2,441,186,242,0,0,0,12,827,331,411,67,0,0,15
2021-11-08T00:00:00.000Z,1126,557,217,348,0,0,2,774,582,178,0,0,0,12,1901,1140,395,348,0,0,15
2021-11-09T00:00:00.000Z,1866,721,766,373,0,0,2,971,675,283,0,0,0,12,2838,1397,1050,373,0,0,15
2021-11-10T00:00:00.000Z,2201,645,1190,361,0,0,2,19802,600,19187,0,0,0,12,22003,1245,20378,361,0,1,15
2021-11-11T00:00:00.000Z,687,209,401,71,0,0,2,673,282,378,0,0,0,12,1361,493,779,71,0,1,15
2021-11-12T00:00:00.000Z,1481,719,479,278,0,0,2,1061,617,430,0,0,0,12,2542,1337,910,278,0,0,15
2021-11-13T00:00:00.000Z,1195,278,848,64,0,0,2,540,302,224,0,0,0,13,1735,580,1073,64,0,0,16
2021-11-14T00:00:00.000Z,389,134,186,65,0,0,2,470,213,244,0,0,0,12,860,348,429,65,0,0,15
2021-11-15T00:00:00.000Z,1163,533,270,355,0,0,2,744,514,217,0,0,0,12,1908,1048,487,355,0,0,15
2021-11-16T00:00:00.000Z,2104,631,1065,403,0,0,2,895,643,239,0,0,0,12,2999,1275,1303,403,0,0,15
2021-11-17T00:00:00.000Z,1774,711,721,339,0,0,2,1127,624,489,0,0,0,13,2901,1335,1210,339,0,0,16
2021-11-18T00:00:00.000Z,2236,720,1186,325,0,1,2,1019,690,315,0,0,0,12,3256,1411,1502,325,0,1,15
2021-11-19T00:00:00.000Z,1989,728,922,335,0,0,2,1076,644,419,0,0,0,12,3066,1373,1341,335,0,0,15
2021-11-20T00:00:00.000Z,583,183,319,76,0,0,2,543,273,256,0,0,0,13,1126,458,575,76,0,0,16
2021-11-21T00:00:00.000Z,4221,152,4003,62,0,0,2,515,205,296,0,0,0,12,4736,357,4300,62,0,0,15
2021-11-22T00:00:00.000Z,1608,589,599,415,0,0,2,538,328,198,0,0,0,11,2147,918,798,415,0,0,14
2021-11-23T00:00:00.000Z,2136,893,774,465,0,0,2,768,534,222,0,0,0,11,2904,1427,996,465,0,0,14
2021-11-24T00:00:00.000Z,1956,1182,321,448,0,1,2,1219,744,463,0,0,0,11,3176,1927,784,448,0,1,14
2021-11-25T00:00:00.000Z,1739,621,678,435,0,1,2,511,385,113,0,0,0,11,2250,1006,792,435,0,1,14
2021-11-26T00:00:00.000Z,4076,671,2965,436,0,0,2,494,385,97,0,0,0,11,4571,1057,3062,436,0,0,14
2021-11-27T00:00:00.000Z,1216,144,983,84,0,0,2,295,150,133,0,0,0,11,1511,295,1117,84,0,0,14
2021-11-28T00:00:00.000Z,745,353,309,78,0,0,2,525,317,195,0,0,0,11,1270,671,504,78,0,0,14
2021-11-29T00:00:00.000Z,1805,697,613,490,0,0,2,498,385,100,0,0,0,11,2303,1083,714,490,0,0,14
2021-11-30T00:00:00.000Z,2186,802,773,607,0,0,2,553,438,102,0,0,0,11,2740,1242,875,607,0,0,14
2021-12-01T00:00:00.000Z,3132,798,1838,490,0,2,2,2937,753,2171,0,0,0,11,6069,1551,4009,490,0,2,15
2021-12-02T00:00:00.000Z,3777,650,2717,405,0,0,2,1024,641,370,0,0,0,11,4801,1293,3087,405,0,0,14
2021-12-03T00:00:00.000Z,1993,723,914,351,0,0,2,1095,653,429,0,0,0,11,3088,1377,1344,351,0,0,15
2021-12-04T00:00:00.000Z,1106,702,324,75,0,0,2,1595,596,986,0,0,0,11,2701,1299,1311,75,0,0,14
2021-12-05T00:00:00.000Z,815,418,331,62,0,0,2,860,423,425,0,0,0,12,1676,841,756,62,0,0,15
2021-12-06T00:00:00.000Z,1248,525,397,321,0,0,2,863,547,304,0,0,0,11,2112,1073,701,321,0,0,14
2021-12-07T00:00:00.000Z,1395,596,441,352,0,0,2,889,627,250,0,0,0,12,2285,1224,691,352,0,0,15
2021-12-08T00:00:00.000Z,1362,674,339,344,0,0,2,1040,634,394,0,0,0,11,2403,1309,734,344,0,0,14
2021-12-09T00:00:00.000Z,1920,558,1019,338,0,0,2,892,566,314,0,0,0,11,2813,1125,1333,338,0,0,14
2021-12-10T00:00:00.000Z,1515,810,321,377,0,3,3,7221,6997,211,0,0,0,12,8737,7808,532,377,0,3,15
2021-12-11T00:00:00.000Z,834,187,584,58,0,0,2,256,169,76,0,0,0,11,1091,356,660,58,0,0,14
2021-12-12T00:00:00.000Z,728,341,366,10,5,1,2,4455,301,3636,2,504,0,11,5183,643,4003,12,508,1,15
2021-12-13T00:00:00.000Z,1610,875,389,342,0,0,2,2322,885,1425,0,0,0,11,3933,1760,1814,342,0,1,15
2021-12-14T00:00:00.000Z,4651,3252,602,791,0,0,2,2949,2617,319,0,0,0,12,7601,5870,922,791,0,0,15
2021-12-15T00:00:00.000Z,2075,811,872,388,0,0,2,1163,886,262,0,0,0,14,3238,1697,1134,388,0,0,17
2021-12-16T00:00:00.000Z,3193,2203,640,345,0,1,2,2174,1729,433,0,0,0,11,5367,3932,1073,345,0,1,14
2021-12-17T00:00:00.000Z,1574,618,576,374,0,1,2,986,616,357,0,0,0,12,2561,1235,933,374,0,1,15
2021-12-18T00:00:00.000Z,1240,738,391,106,0,0,2,1030,611,406,0,0,0,11,2270,1349,797,106,0,0,15
2021-12-19T00:00:00.000Z,1031,580,329,118,0,0,2,854,504,338,0,0,0,11,1886,1084,667,118,0,0,14
2021-12-20T00:00:00.000Z,1913,1164,493,251,0,0,2,1331,1080,238,0,0,0,12,3245,2244,732,251,0,0,15
2021-12-21T00:00:00.000Z,1647,436,967,239,0,0,2,772,535,225,0,0,0,11,2419,971,1192,239,0,0,14
2021-12-22T00:00:00.000Z,1082,396,472,208,0,0,2,845,548,284,0,0,0,11,1927,945,757,208,0,0,15
2021-12-23T00:00:00.000Z,1509,414,847,243,0,0,2,931,477,443,0,0,0,11,2441,891,1290,243,0,0,14
2021-12-24T00:00:00.000Z,1197,673,448,72,0,0,2,1071,607,452,0,0,0,11,2269,1280,900,72,0,0,14
2021-12-25T00:00:00.000Z,623,131,453,35,0,0,2,485,189,284,0,0,0,11,1109,321,737,35,0,0,14
2021-12-26T00:00:00.000Z,366,101,222,38,0,0,2,292,119,161,0,0,0,11,659,220,384,38,0,0,14
2021-12-27T00:00:00.000Z,665,286,212,162,0,0,2,626,378,236,0,0,0,11,1292,665,448,162,0,0,14
2021-12-28T00:00:00.000Z,1392,416,742,230,0,0,2,928,532,384,0,0,0,11,2321,949,1126,230,0,0,15
2021-12-29T00:00:00.000Z,1743,697,728,313,0,0,2,1135,714,409,0,0,0,11,2878,1411,1138,313,0,0,14
2021-12-30T00:00:00.000Z,3071,624,2044,398,0,0,2,997,628,356,0,0,0,12,4069,1253,2400,398,0,0,15
2021-12-31T00:00:00.000Z,2282,633,1258,387,0,0,2,3377,730,2635,0,0,0,11,5660,1364,3893,387,0,0,14
2022-01-01T00:00:00.000Z,1355,146,1160,44,0,0,2,639,240,386,0,0,0,11,1994,387,1546,44,0,0,14
2022-01-02T00:00:00.000Z,419,162,202,51,0,0,2,714,243,459,0,0,0,11,1133,405,661,51,0,0,14
2022-01-03T00:00:00.000Z,2239,983,754,497,0,0,2,1413,943,457,0,0,0,12,3652,1926,1212,497,0,0,15
2022-01-04T00:00:00.000Z,3602,830,2256,511,0,0,2,1290,963,314,0,0,0,11,4893,1794,2571,511,0,0,14
2022-01-05T00:00:00.000Z,2633,839,1252,536,0,0,2,1304,1013,277,0,0,0,13,3937,1853,1529,536,0,0,16
2022-01-06T00:00:00.000Z,7787,178,7544,60,0,0,2,516,289,215,0,0,0,11,8303,467,7758,60,0,0,14
2022-01-07T00:00:00.000Z,1266,376,686,198,0,1,2,684,449,224,0,0,0,11,1951,825,911,198,0,1,14
2022-01-08T00:00:00.000Z,1424,303,1063,53,0,0,2,660,321,326,0,0,0,11,2085,625,1390,53,0,0,15
2022-01-09T00:00:00.000Z,1240,789,399,48,0,0,2,1208,668,527,0,0,0,11,2449,1458,926,48,0,0,15
2022-01-10T00:00:00.000Z,2335,803,1179,347,0,0,2,1260,927,321,0,0,0,11,3595,1731,1500,347,0,0,15
2022-01-11T00:00:00.000Z,1600,512,767,315,0,0,2,854,653,188,0,0,0,11,2454,1166,956,315,0,0,14
2022-01-12T00:00:00.000Z,1168,546,285,332,0,0,2,1732,708,1012,0,0,0,11,2901,1255,1297,332,0,0,15
2022-01-13T00:00:00.000Z,993,535,150,303,0,0,3,2265,659,1592,0,0,0,13,3258,1195,1741,303,0,1,16
2022-01-14T00:00:00.000Z,1212,479,445,283,0,0,3,992,697,281,0,0,0,13,2205,1177,727,283,0,0,17
2022-01-15T00:00:00.000Z,722,331,329,55,0,1,3,777,314,449,0,0,0,13,1499,645,779,55,0,1,17
2022-01-16T00:00:00.000Z,1095,135,914,41,0,0,3,5054,189,4851,0,0,0,13,6150,325,5765,41,0,0,17
2022-01-17T00:00:00.000Z,1235,464,485,280,0,0,3,832,602,216,0,0,0,13,2068,1066,702,280,0,0,17
2022-01-18T00:00:00.000Z,1994,632,1056,300,0,0,3,1114,739,361,0,0,0,13,3109,1371,1418,300,0,0,17
2022-01-19T00:00:00.000Z,2996,542,2133,316,0,0,3,878,705,159,0,0,0,13,3875,1247,2293,316,0,0,16
2022-01-20T00:00:00.000Z,2141,571,1190,375,0,0,3,7771,633,7124,0,0,0,13,9913,1205,8315,375,0,0,16
2022-01-21T00:00:00.000Z,1462,569,558,330,0,0,3,1023,672,338,0,0,0,13,2486,1241,896,330,0,0,17
2022-01-22T00:00:00.000Z,759,205,494,55,0,0,3,401,244,143,0,0,0,13,1161,450,637,55,0,0,16
2022-01-23T00:00:00.000Z,1081,904,122,50,0,0,3,846,666,166,0,0,0,13,1928,1571,289,50,0,0,16
2022-01-24T00:00:00.000Z,1863,1224,362,272,0,0,3,1414,1097,303,0,0,0,13,3278,2322,664,272,0,0,17
2022-01-25T00:00:00.000Z,2651,2039,262,345,0,0,3,1964,1628,322,0,0,0,13,4615,3668,584,345,0,0,16
2022-01-26T00:00:00.000Z,2469,1920,276,268,0,0,3,1829,1528,287,0,0,0,13,4299,3449,563,268,0,0,16
2022-01-27T00:00:00.000Z,3724,3004,383,331,0,0,3,2436,2169,254,0,0,0,13,6161,5173,637,331,0,0,16
2022-01-28T00:00:00.000Z,4575,4063,229,279,0,0,3,3245,2886,345,0,0,0,13,7821,6949,574,279,0,0,17
2022-01-29T00:00:00.000Z,3201,2786,351,58,0,0,3,2264,1907,343,0,0,0,13,5465,4693,695,58,0,0,17
2022-01-30T00:00:00.000Z,3249,2936,253,54,0,0,3,2336,1961,360,0,0,0,13,5585,4898,614,54,0,0,17
2022-01-31T00:00:00.000Z,4005,2761,922,316,0,0,3,2371,2037,319,0,0,0,13,6376,4799,1242,316,0,0,16
2022-02-01T00:00:00.000Z,9840,2836,6583,416,0,0,3,2512,2139,359,0,0,0,13,12353,4976,6942,416,0,0,16
2022-02-02T00:00:00.000Z,3989,3089,550,345,0,0,3,2878,2374,490,0,0,0,13,6868,5464,1040,345,0,0,17
2022-02-03T00:00:00.000Z,3356,2448,528,375,0,1,3,2417,1927,477,0,0,0,13,5774,4374,1005,375,0,1,17
2022-02-04T00:00:00.000Z,3084,2131,522,426,0,0,3,2222,1681,526,0,0,0,13,5306,3812,1048,426,0,0,16
2022-02-05T00:00:00.000Z,2286,1678,538,65,0,0,3,4185,1333,2838,0,0,0,13,6473,3012,3376,65,0,1,17
2022-02-06T00:00:00.000Z,2096,1610,421,60,0,0,3,1607,1265,329,0,0,0,13,3704,2875,750,60,0,0,17
2022-02-07T00:00:00.000Z,2366,1613,376,371,0,0,3,1797,1390,393,0,0,0,13,4163,3004,769,371,0,0,16
2022-02-08T00:00:00.000Z,2393,1114,825,449,0,0,3,1264,1000,250,0,0,0,12,3658,2115,1076,449,0,0,16
2022-02-09T00:00:00.000Z,1446,620,487,335,0,0,3,1073,782,276,0,0,0,13,2520,1402,763,335,0,0,17
2022-02-10T00:00:00.000Z,1107,613,175,314,0,1,3,1068,747,307,0,0,0,13,2175,1361,481,314,0,1,17
2022-02-11T00:00:00.000Z,1342,543,490,303,0,1,3,1003,674,315,0,0,0,13,2346,1218,806,303,0,1,16
2022-02-12T00:00:00.000Z,988,157,767,58,0,0,3,399,232,153,0,0,0,13,1388,390,920,58,0,0,17
2022-02-13T00:00:00.000Z,482,151,275,51,0,0,3,384,226,144,0,0,0,13,866,377,419,51,0,0,17
2022-02-14T00:00:00.000Z,1163,583,204,371,0,0,3,918,684,219,0,0,0,13,2082,1268,423,371,0,0,17
2022-02-15T00:00:00.000Z,1689,838,445,400,0,0,3,1282,908,359,0,0,0,13,2972,1747,804,400,0,1,17
2022-02-16T00:00:00.000Z,2325,841,1106,373,0,0,3,1236,892,330,0,0,0,13,3562,1734,1435,373,0,0,17
2022-02-17T00:00:00.000Z,1600,627,601,367,0,0,3,1010,797,198,0,0,0,13,2611,1424,800,367,0,0,17
2022-02-18T00:00:00.000Z,1732,721,619,388,0,1,3,1196,966,216,0,0,0,13,2929,1687,834,388,0,1,17
2022-02-19T00:00:00.000Z,504,202,236,61,0,0,3,741,316,411,0,0,0,13,1246,518,648,61,0,0,17
2022-02-20T00:00:00.000Z,965,404,507,50,0,0,3,798,469,314,0,0,0,13,1763,874,821,50,0,0,17
2022-02-21T00:00:00.000Z,1308,764,185,354,0,0,3,1170,881,275,0,0,0,13,2480,1646,461,354,0,0,17
2022-02-22T00:00:00.000Z,1292,618,288,380,0,0,3,946,734,198,0,0,0,13,2239,1353,486,380,0,0,16
2022-02-23T00:00:00.000Z,1001,496,193,307,0,0,3,907,676,218,0,0,0,13,1909,1173,410,307,0,0,16
2022-02-24T00:00:00.000Z,1197,488,414,289,0,0,3,869,630,225,0,0,0,13,2066,1119,639,289,0,0,17
2022-02-25T00:00:00.000Z,2982,623,2048,306,0,0,3,1111,669,428,0,0,0,13,4093,1292,2476,306,0,0,17
2022-02-26T00:00:00.000Z,3079,535,2455,84,0,0,3,1045,647,385,0,0,0,13,4125,1182,2840,84,0,0,17
2022-02-27T00:00:00.000Z,1684,319,1284,76,0,0,3,695,412,269,0,0,0,13,2380,731,1554,76,0,0,17
2022-02-28T00:00:00.000Z,1386,555,509,317,0,0,3,958,759,186,0,0,0,13,2345,1314,695,317,0,0,17
2022-03-01T00:00:00.000Z,2586,643,1580,359,0,0,3,1144,853,277,0,0,0,13,3731,1497,1856,359,0,0,16
2022-03-02T00:00:00.000Z,2956,597,2043,311,0,0,3,1130,802,313,0,0,0,13,4087,1400,2357,311,0,0,17
2022-03-03T00:00:00.000Z,2352,821,1194,331,0,0,3,1576,1163,400,0,0,0,13,3929,1984,1595,331,0,0,16
2022-03-04T00:00:00.000Z,1715,660,714,336,0,0,3,1000,732,254,0,0,0,12,2717,1393,969,336,0,0,16
2022-03-05T00:00:00.000Z,1219,544,598,72,0,0,3,1017,655,348,0,0,0,13,2236,1199,946,72,0,0,16
2022-03-06T00:00:00.000Z,844,347,360,132,0,0,3,690,430,246,0,0,0,13,1535,778,606,132,0,0,16
2022-03-07T00:00:00.000Z,1624,676,537,405,0,0,3,1007,745,248,0,0,0,13,2631,1421,785,405,0,0,17
2022-03-08T00:00:00.000Z,1722,606,824,286,0,0,3,1067,746,306,0,0,0,13,2789,1353,1131,286,0,0,17
2022-03-09T00:00:00.000Z,1491,858,309,319,0,0,3,1181,868,299,0,0,0,13,2672,1726,608,319,0,0,17
2022-03-10T00:00:00.000Z,1315,660,414,235,0,0,3,1084,797,273,0,0,0,13,2399,1458,687,235,0,0,16
2022-03-11T00:00:00.000Z,2852,797,1764,287,0,0,3,1106,893,199,0,0,0,13,3959,1690,1963,287,0,0,17
2022-03-12T00:00:00.000Z,1739,380,1305,49,0,0,3,846,539,292,0,0,0,13,2585,920,1597,49,0,0,16
2022-03-13T00:00:00.000Z,3872,242,3578,46,0,0,3,654,343,297,0,0,0,13,4527,585,3876,46,0,0,17
2022-03-14T00:00:00.000Z,3055,824,1984,241,0,0,3,1189,837,338,0,0,0,13,4244,1662,2322,241,0,0,16
2022-03-15T00:00:00.000Z,3598,732,2554,306,0,1,3,1002,790,198,0,0,0,13,4600,1522,2753,306,0,1,17
2022-03-16T00:00:00.000Z,1664,555,861,244,0,0,3,957,654,288,0,0,0,13,2622,1210,1149,244,0,0,17
2022-03-17T00:00:00.000Z,1668,700,733,229,0,0,3,1093,788,291,0,0,0,13,2761,1489,1024,229,0,0,16
2022-03-18T00:00:00.000Z,1574,502,838,229,0,0,3,875,655,205,0,0,0,13,2449,1157,1044,229,0,0,17
2022-03-19T00:00:00.000Z,724,454,209,56,0,0,3,720,508,199,0,0,0,13,1445,962,408,56,0,0,17
2022-03-20T00:00:00.000Z,1381,244,1093,39,0,0,3,516,340,161,0,0,0,13,1898,585,1254,39,0,0,17
2022-03-21T00:00:00.000Z,1190,504,435,246,0,0,3,881,646,221,0,0,0,13,2072,1151,656,246,0,0,16
2022-03-22T00:00:00.000Z,1222,626,238,354,0,0,3,908,657,237,0,0,0,13,2131,1283,475,354,0,0,16
2022-03-23T00:00:00.000Z,1989,803,947,233,0,0,3,1115,878,223,0,0,0,13,3105,1682,1171,233,0,0,16
2022-03-24T00:00:00.000Z,3792,640,2925,221,0,1,3,1078,737,326,0,0,0,13,4870,1377,3251,221,0,1,17
2022-03-25T00:00:00.000Z,2737,1376,1125,230,0,0,3,1201,995,192,0,0,0,13,3939,2372,1318,230,0,0,17
2022-03-26T00:00:00.000Z,2864,945,1869,45,0,1,3,837,526,296,0,0,0,14,3702,1471,2165,45,0,1,17
2022-03-27T00:00:00.000Z,1504,928,524,45,0,1,3,799,484,300,0,0,0,14,2303,1413,824,45,0,1,17
2022-03-28T00:00:00.000Z,4796,1488,2859,445,0,0,3,1348,1098,236,0,0,0,13,6145,2586,3095,445,0,0,16
2022-03-29T00:00:00.000Z,7144,927,5604,609,0,0,3,1214,951,249,0,0,0,13,8359,1878,5854,609,0,0,17
2022-03-30T00:00:00.000Z,4211,1001,2665,540,0,0,3,1306,1102,189,0,0,0,13,5518,2104,2855,540,0,0,17
2022-03-31T00:00:00.000Z,4988,1060,3397,526,0,0,3,1495,1255,226,0,0,0,13,6483,2315,3623,526,0,0,17
2022-04-01T00:00:00.000Z,6225,997,4676,546,0,0,3,1460,1175,271,0,0,0,13,7685,2172,4947,546,0,0,17
2022-04-02T00:00:00.000Z,1263,535,660,63,0,0,3,860,672,173,0,0,0,14,2123,1207,833,63,0,0,17
2022-04-03T00:00:00.000Z,1038,344,606,82,0,0,3,657,474,168,0,0,0,13,1696,819,775,82,0,0,17
2022-04-04T00:00:00.000Z,2563,1183,697,678,0,0,3,1502,1263,225,0,0,0,13,4066,2446,922,678,0,0,17
2022-04-05T00:00:00.000Z,2675,1189,861,620,0,0,3,1571,1294,263,0,0,0,13,4247,2483,1125,620,0,0,17
2022-04-06T00:00:00.000Z,4504,1140,2827,533,0,0,3,1508,1259,235,0,0,0,14,6013,2398,3062,533,0,0,18
2022-04-07T00:00:00.000Z,2262,1053,680,524,0,1,3,1365,1147,204,0,0,0,13,3628,2201,883,524,0,1,17
2022-04-08T00:00:00.000Z,3864,1070,2207,580,0,1,3,2341,1129,1198,0,0,0,13,6205,2199,3405,580,0,2,17
2022-04-09T00:00:00.000Z,2604,374,2172,53,0,0,3,657,474,170,0,0,0,13,3262,848,2342,53,0,0,17
2022-04-10T00:00:00.000Z,968,399,517,46,0,0,3,647,491,141,0,0,0,13,1616,891,659,46,0,0,17
2022-04-11T00:00:00.000Z,2620,1011,1059,545,0,0,3,1299,1072,213,0,0,0,13,3920,2084,1271,545,0,0,17
2022-04-12T00:00:00.000Z,2581,1112,800,664,0,0,3,1345,1045,285,0,0,0,13,3927,2158,1085,664,0,0,16
2022-04-13T00:00:00.000Z,,,,,,,,,,,,,,,,,,,,,
