Time,Usage for PM_n2
2022-03-14T14:00:00.000Z,7634
2022-03-14T16:00:00.000Z,16692
2022-03-14T18:00:00.000Z,14304
2022-03-14T20:00:00.000Z,35501
2022-03-14T22:00:00.000Z,7299
2022-03-15T00:00:00.000Z,6685
2022-03-15T02:00:00.000Z,7546
2022-03-15T04:00:00.000Z,6764
2022-03-15T06:00:00.000Z,18180
2022-03-15T08:00:00.000Z,52498
2022-03-15T10:00:00.000Z,26708
2022-03-15T12:00:00.000Z,37631
2022-03-15T14:00:00.000Z,19518
2022-03-15T16:00:00.000Z,18009
2022-03-15T18:00:00.000Z,7248
2022-03-15T20:00:00.000Z,36131
2022-03-15T22:00:00.000Z,13256
2022-03-16T00:00:00.000Z,6720
2022-03-16T02:00:00.000Z,6791
2022-03-16T04:00:00.000Z,6505
2022-03-16T06:00:00.000Z,10065
2022-03-16T08:00:00.000Z,49124
2022-03-16T10:00:00.000Z,42571
2022-03-16T12:00:00.000Z,36169
2022-03-16T14:00:00.000Z,9106
2022-03-16T16:00:00.000Z,24992
2022-03-16T18:00:00.000Z,7308
2022-03-16T20:00:00.000Z,38808
2022-03-16T22:00:00.000Z,7538
2022-03-17T00:00:00.000Z,6529
2022-03-17T02:00:00.000Z,16143
2022-03-17T04:00:00.000Z,12697
2022-03-17T06:00:00.000Z,23485
2022-03-17T08:00:00.000Z,28581
2022-03-17T10:00:00.000Z,14629
2022-03-17T12:00:00.000Z,23344
2022-03-17T14:00:00.000Z,35292
2022-03-17T16:00:00.000Z,7326
2022-03-17T18:00:00.000Z,7130
2022-03-17T20:00:00.000Z,42308
2022-03-17T22:00:00.000Z,8819
2022-03-18T00:00:00.000Z,6917
2022-03-18T02:00:00.000Z,6869
2022-03-18T04:00:00.000Z,6665
2022-03-18T06:00:00.000Z,8129
2022-03-18T08:00:00.000Z,83075
2022-03-18T10:00:00.000Z,39333
2022-03-18T12:00:00.000Z,69024
2022-03-18T14:00:00.000Z,7376
2022-03-18T16:00:00.000Z,20629
2022-03-18T18:00:00.000Z,10688
2022-03-18T20:00:00.000Z,36305
2022-03-18T22:00:00.000Z,7547
2022-03-19T00:00:00.000Z,6627
2022-03-19T02:00:00.000Z,6262
2022-03-19T04:00:00.000Z,6505
2022-03-19T06:00:00.000Z,6527
2022-03-19T08:00:00.000Z,6782
2022-03-19T10:00:00.000Z,6500
2022-03-19T12:00:00.000Z,6770
2022-03-19T14:00:00.000Z,6626
2022-03-19T16:00:00.000Z,6498
2022-03-19T18:00:00.000Z,7459
2022-03-19T20:00:00.000Z,44982
2022-03-19T22:00:00.000Z,9060
2022-03-20T00:00:00.000Z,6781
2022-03-20T02:00:00.000Z,6786
2022-03-20T04:00:00.000Z,6036
2022-03-20T06:00:00.000Z,6195
2022-03-20T08:00:00.000Z,6207
2022-03-20T10:00:00.000Z,6326
2022-03-20T12:00:00.000Z,6337
2022-03-20T14:00:00.000Z,6382
2022-03-20T16:00:00.000Z,6625
2022-03-20T18:00:00.000Z,6310
2022-03-20T20:00:00.000Z,35753
2022-03-20T22:00:00.000Z,6226
2022-03-21T00:00:00.000Z,6605
2022-03-21T02:00:00.000Z,8438
2022-03-21T04:00:00.000Z,6465
2022-03-21T06:00:00.000Z,24804
2022-03-21T08:00:00.000Z,49062
2022-03-21T10:00:00.000Z,69695
2022-03-21T12:00:00.000Z,33996
2022-03-21T14:00:00.000Z,11901
2022-03-21T16:00:00.000Z,24627
2022-03-21T18:00:00.000Z,8701
2022-03-21T20:00:00.000Z,37152
2022-03-21T22:00:00.000Z,8917
2022-03-22T00:00:00.000Z,6873
2022-03-22T02:00:00.000Z,6785
2022-03-22T04:00:00.000Z,6680
2022-03-22T06:00:00.000Z,40263
2022-03-22T08:00:00.000Z,61956
2022-03-22T10:00:00.000Z,65102
2022-03-22T12:00:00.000Z,39611
2022-03-22T14:00:00.000Z,11102
2022-03-22T16:00:00.000Z,7283
2022-03-22T18:00:00.000Z,7015
2022-03-22T20:00:00.000Z,36422
2022-03-22T22:00:00.000Z,8173
2022-03-23T00:00:00.000Z,6844
2022-03-23T02:00:00.000Z,6732
2022-03-23T04:00:00.000Z,6664
2022-03-23T06:00:00.000Z,38633
2022-03-23T08:00:00.000Z,41805
2022-03-23T10:00:00.000Z,10174
2022-03-23T12:00:00.000Z,7987
2022-03-23T14:00:00.000Z,9446
2022-03-23T16:00:00.000Z,62974
2022-03-23T18:00:00.000Z,10555
2022-03-23T20:00:00.000Z,38302
2022-03-23T22:00:00.000Z,8481
2022-03-24T00:00:00.000Z,7056
2022-03-24T02:00:00.000Z,6908
2022-03-24T04:00:00.000Z,6753
2022-03-24T06:00:00.000Z,54338
2022-03-24T08:00:00.000Z,64518
2022-03-24T10:00:00.000Z,7939
2022-03-24T12:00:00.000Z,52113
2022-03-24T14:00:00.000Z,21949
2022-03-24T16:00:00.000Z,7208
2022-03-24T18:00:00.000Z,6832
2022-03-24T20:00:00.000Z,33071
2022-03-24T22:00:00.000Z,13293
2022-03-25T00:00:00.000Z,12440
2022-03-25T02:00:00.000Z,6557
2022-03-25T04:00:00.000Z,7907
2022-03-25T06:00:00.000Z,20452
2022-03-25T08:00:00.000Z,72309
2022-03-25T10:00:00.000Z,45941
2022-03-25T12:00:00.000Z,20104
2022-03-25T14:00:00.000Z,9148
2022-03-25T16:00:00.000Z,19264
2022-03-25T18:00:00.000Z,11929
2022-03-25T20:00:00.000Z,32692
2022-03-25T22:00:00.000Z,7765
2022-03-26T00:00:00.000Z,5984
2022-03-26T02:00:00.000Z,6107
2022-03-26T04:00:00.000Z,6049
2022-03-26T06:00:00.000Z,17512
2022-03-26T08:00:00.000Z,7032
2022-03-26T10:00:00.000Z,7094
2022-03-26T12:00:00.000Z,7032
2022-03-26T14:00:00.000Z,6938
2022-03-26T16:00:00.000Z,7405
2022-03-26T18:00:00.000Z,8347
2022-03-26T20:00:00.000Z,38322
2022-03-26T22:00:00.000Z,7579
2022-03-27T00:00:00.000Z,7543
2022-03-27T02:00:00.000Z,6736
2022-03-27T04:00:00.000Z,6640
2022-03-27T06:00:00.000Z,5989
2022-03-27T08:00:00.000Z,6442
2022-03-27T10:00:00.000Z,6210
2022-03-27T12:00:00.000Z,6382
2022-03-27T14:00:00.000Z,6134
2022-03-27T16:00:00.000Z,23357
2022-03-27T18:00:00.000Z,33230
2022-03-27T20:00:00.000Z,6961
2022-03-27T22:00:00.000Z,7848
2022-03-28T00:00:00.000Z,6927
2022-03-28T02:00:00.000Z,8891
2022-03-28T04:00:00.000Z,22241
2022-03-28T06:00:00.000Z,34964
2022-03-28T08:00:00.000Z,71167
2022-03-28T10:00:00.000Z,19536
2022-03-28T12:00:00.000Z,9472
2022-03-28T14:00:00.000Z,7560
2022-03-28T16:00:00.000Z,24882
2022-03-28T18:00:00.000Z,33768
2022-03-28T20:00:00.000Z,19556
2022-03-28T22:00:00.000Z,7514
2022-03-29T00:00:00.000Z,7021
2022-03-29T02:00:00.000Z,6605
2022-03-29T04:00:00.000Z,29336
2022-03-29T06:00:00.000Z,56907
2022-03-29T08:00:00.000Z,16373
2022-03-29T10:00:00.000Z,70131
2022-03-29T12:00:00.000Z,40591
2022-03-29T14:00:00.000Z,7366
2022-03-29T16:00:00.000Z,16659
2022-03-29T18:00:00.000Z,34209
2022-03-29T20:00:00.000Z,6893
2022-03-29T22:00:00.000Z,8586
2022-03-30T00:00:00.000Z,6667
2022-03-30T02:00:00.000Z,16404
2022-03-30T04:00:00.000Z,17021
2022-03-30T06:00:00.000Z,59053
2022-03-30T08:00:00.000Z,71995
2022-03-30T10:00:00.000Z,30893
2022-03-30T12:00:00.000Z,18823
2022-03-30T14:00:00.000Z,7086
2022-03-30T16:00:00.000Z,24811
2022-03-30T18:00:00.000Z,33580
2022-03-30T20:00:00.000Z,8731
2022-03-30T22:00:00.000Z,7052
2022-03-31T00:00:00.000Z,7020
2022-03-31T02:00:00.000Z,6447
2022-03-31T04:00:00.000Z,6910
2022-03-31T06:00:00.000Z,76482
2022-03-31T08:00:00.000Z,98081
2022-03-31T10:00:00.000Z,20093
2022-03-31T12:00:00.000Z,8854
2022-03-31T14:00:00.000Z,8179
2022-03-31T16:00:00.000Z,6486
2022-03-31T18:00:00.000Z,31832
2022-03-31T20:00:00.000Z,8810
2022-03-31T22:00:00.000Z,8980
2022-04-01T00:00:00.000Z,6215
2022-04-01T02:00:00.000Z,6137
2022-04-01T04:00:00.000Z,6295
2022-04-01T06:00:00.000Z,42231
2022-04-01T08:00:00.000Z,111165
2022-04-01T10:00:00.000Z,88915
2022-04-01T12:00:00.000Z,67109
2022-04-01T14:00:00.000Z,8219
2022-04-01T16:00:00.000Z,25470
2022-04-01T18:00:00.000Z,34349
2022-04-01T20:00:00.000Z,11888
2022-04-01T22:00:00.000Z,9737
2022-04-02T00:00:00.000Z,7367
2022-04-02T02:00:00.000Z,7237
2022-04-02T04:00:00.000Z,7721
2022-04-02T06:00:00.000Z,14926
2022-04-02T08:00:00.000Z,5226
2022-04-02T10:00:00.000Z,5338
2022-04-02T12:00:00.000Z,5158
2022-04-02T14:00:00.000Z,5203
2022-04-02T16:00:00.000Z,6204
2022-04-02T18:00:00.000Z,32430
2022-04-02T20:00:00.000Z,11045
2022-04-02T22:00:00.000Z,5840
2022-04-03T00:00:00.000Z,5801
2022-04-03T02:00:00.000Z,6032
2022-04-03T04:00:00.000Z,5553
2022-04-03T06:00:00.000Z,5859
2022-04-03T08:00:00.000Z,5753
2022-04-03T10:00:00.000Z,5977
2022-04-03T12:00:00.000Z,5914
2022-04-03T14:00:00.000Z,5832
2022-04-03T16:00:00.000Z,6209
2022-04-03T18:00:00.000Z,32474
2022-04-03T20:00:00.000Z,6489
2022-04-03T22:00:00.000Z,7343
2022-04-04T00:00:00.000Z,6166
2022-04-04T02:00:00.000Z,7663
2022-04-04T04:00:00.000Z,8755
2022-04-04T06:00:00.000Z,9558
2022-04-04T08:00:00.000Z,10677
2022-04-04T10:00:00.000Z,6707
2022-04-04T12:00:00.000Z,6817
2022-04-04T14:00:00.000Z,6249
2022-04-04T16:00:00.000Z,24034
2022-04-04T18:00:00.000Z,32358
2022-04-04T20:00:00.000Z,5854
2022-04-04T22:00:00.000Z,6314
2022-04-05T00:00:00.000Z,7054
2022-04-05T02:00:00.000Z,5716
2022-04-05T04:00:00.000Z,6030
2022-04-05T06:00:00.000Z,6691
2022-04-05T08:00:00.000Z,6853
2022-04-05T10:00:00.000Z,10084
2022-04-05T12:00:00.000Z,6906
2022-04-05T14:00:00.000Z,6097
2022-04-05T16:00:00.000Z,5949
2022-04-05T18:00:00.000Z,32427
2022-04-05T20:00:00.000Z,5878
2022-04-05T22:00:00.000Z,7046
2022-04-06T00:00:00.000Z,5965
2022-04-06T02:00:00.000Z,5868
2022-04-06T04:00:00.000Z,5898
2022-04-06T06:00:00.000Z,7610
2022-04-06T08:00:00.000Z,8142
2022-04-06T10:00:00.000Z,7735
2022-04-06T12:00:00.000Z,6799
2022-04-06T14:00:00.000Z,6429
2022-04-06T16:00:00.000Z,30894
2022-04-06T18:00:00.000Z,32607
2022-04-06T20:00:00.000Z,7710
2022-04-06T22:00:00.000Z,6029
2022-04-07T00:00:00.000Z,6461
2022-04-07T02:00:00.000Z,5758
2022-04-07T04:00:00.000Z,5874
2022-04-07T06:00:00.000Z,6712
2022-04-07T08:00:00.000Z,6840
2022-04-07T10:00:00.000Z,7015
2022-04-07T12:00:00.000Z,6946
2022-04-07T14:00:00.000Z,7231
2022-04-07T16:00:00.000Z,5627
2022-04-07T18:00:00.000Z,32200
2022-04-07T20:00:00.000Z,5439
2022-04-07T22:00:00.000Z,6695
2022-04-08T00:00:00.000Z,8404
2022-04-08T02:00:00.000Z,5476
2022-04-08T04:00:00.000Z,5477
2022-04-08T06:00:00.000Z,6113
2022-04-08T08:00:00.000Z,6233
2022-04-08T10:00:00.000Z,6615
2022-04-08T12:00:00.000Z,6614
2022-04-08T14:00:00.000Z,6580
2022-04-08T16:00:00.000Z,24196
2022-04-08T18:00:00.000Z,33328
2022-04-08T20:00:00.000Z,5661
2022-04-08T22:00:00.000Z,5964
2022-04-09T00:00:00.000Z,6126
2022-04-09T02:00:00.000Z,5925
2022-04-09T04:00:00.000Z,5799
2022-04-09T06:00:00.000Z,5954
2022-04-09T08:00:00.000Z,6044
2022-04-09T10:00:00.000Z,8831
2022-04-09T12:00:00.000Z,5855
2022-04-09T14:00:00.000Z,5573
2022-04-09T16:00:00.000Z,5909
2022-04-09T18:00:00.000Z,32670
2022-04-09T20:00:00.000Z,5988
2022-04-09T22:00:00.000Z,7121
2022-04-10T00:00:00.000Z,6069
2022-04-10T02:00:00.000Z,6194
2022-04-10T04:00:00.000Z,5884
2022-04-10T06:00:00.000Z,6005
2022-04-10T08:00:00.000Z,6491
2022-04-10T10:00:00.000Z,5939
2022-04-10T12:00:00.000Z,6007
2022-04-10T14:00:00.000Z,5942
2022-04-10T16:00:00.000Z,6118
2022-04-10T18:00:00.000Z,32980
2022-04-10T20:00:00.000Z,6061
2022-04-10T22:00:00.000Z,5970
2022-04-11T00:00:00.000Z,8800
2022-04-11T02:00:00.000Z,6065
2022-04-11T04:00:00.000Z,9650
2022-04-11T06:00:00.000Z,6349
2022-04-11T08:00:00.000Z,6516
2022-04-11T10:00:00.000Z,7007
2022-04-11T12:00:00.000Z,8085
2022-04-11T14:00:00.000Z,6372
2022-04-11T16:00:00.000Z,24015
2022-04-11T18:00:00.000Z,32549
2022-04-11T20:00:00.000Z,5740
2022-04-11T22:00:00.000Z,7356
2022-04-12T00:00:00.000Z,5917
2022-04-12T02:00:00.000Z,5655
2022-04-12T04:00:00.000Z,5932
2022-04-12T06:00:00.000Z,9559
2022-04-12T08:00:00.000Z,6724
2022-04-12T10:00:00.000Z,7147
2022-04-12T12:00:00.000Z,7031
2022-04-12T14:00:00.000Z,6311
2022-04-12T16:00:00.000Z,6191
2022-04-12T18:00:00.000Z,32730
2022-04-12T20:00:00.000Z,5967
2022-04-12T22:00:00.000Z,6110
2022-04-13T00:00:00.000Z,5974
2022-04-13T02:00:00.000Z,5600
2022-04-13T04:00:00.000Z,5888
2022-04-13T06:00:00.000Z,7098
2022-04-13T08:00:00.000Z,7670
2022-04-13T10:00:00.000Z,
2022-04-13T12:00:00.000Z,
